,header,NumberofInstances,Area,NumberofAttributes,DateDonated,MissingValues,NumberofWebHits,multivariate_data,time_series_data,data_generator_data,domain_theory_data,image_data,relational_data,sequential_data,spatial_data,univariate_data,spatio_temporal_data,text_data,transactional_data,num_data_characteristics,categorical_attributes,real_attributes,integer_attributes,no_listed_attributes,num_attribute_characteristics,causal_discover_task,classification_task,regression_task,function_learning_task,reccomendation_task,description_task,relational_learning_task,no_given_task,clustering_task,num_associated_tasks,year_month_donated,year_donated
0,Smartphone-Based Recognition of Human Activities and Postural Transitions Data Set,10929,Life,561,7/29/2015,No,173081,1,1,0,0,0,0,0,0,0,0,0,0,2,0,1,0,0,1,0,1,0,0,0,0,0,0,0,1,2015-7,2015
1,Divorce Predictors data set Data Set,170,Life,54,7/24/2019,No,77119,1,0,0,0,0,0,0,0,1,0,0,0,2,0,0,1,0,1,0,1,0,0,0,0,0,0,0,1,2019-7,2019
2,Online Shoppers Purchasing Intention Dataset Data Set,12330,Business,18,8/31/2018,No,86113,1,0,0,0,0,0,0,0,0,0,0,0,1,0,1,1,0,2,0,1,0,0,0,0,0,0,1,2,2018-8,2018
3,University Data Set,285,Other,17,7/1/1988,Yes,220698,1,0,0,0,0,0,0,0,0,0,0,0,1,1,0,1,0,2,0,1,0,0,0,0,0,0,0,2,1988-7,1988
4,QtyT40I10D100K Data Set,3960456,Other,4,10/21/2012,No,41246,0,0,0,0,0,0,1,0,0,0,0,0,1,0,0,1,0,1,0,0,0,0,0,0,0,1,0,1,2012-10,2012
5,Crop mapping using fused optical-radar data set Data Set,325834,Other,175,6/16/2020,No,1506,1,1,0,0,0,0,0,0,0,0,0,0,2,0,1,0,0,1,0,1,0,0,0,0,0,0,0,1,2020-6,2020
6,PAMAP2 Physical Activity Monitoring Data Set,3850505,Computer,52,8/6/2012,Yes,93948,1,1,0,0,0,0,0,0,0,0,0,0,2,0,1,0,0,1,0,1,0,0,0,0,0,0,0,1,2012-8,2012
7,Rice Leaf Diseases Data Set,120,Computer,0,4/14/2019,No,40680,1,0,0,0,0,0,0,0,0,0,0,0,1,0,0,1,0,1,0,1,0,0,0,0,0,0,0,1,2019-4,2019
8,wiki4HE Data Set,913,Social,53,5/4/2015,Yes,47677,1,0,0,0,0,0,0,0,0,0,0,0,1,0,0,0,1,1,1,0,1,0,0,0,0,0,1,1,2015-5,2015
9,Twin gas sensor arrays Data Set,640,Computer,480000,5/19/2016,No,47611,1,1,0,1,0,0,0,0,0,0,0,0,3,0,1,0,0,1,0,1,1,0,0,0,0,0,0,1,2016-5,2016
10,Activities of Daily Living (ADLs) Recognition Using Binary Sensors Data Set,2747,Computer,0,10/28/2013,No,90872,1,1,0,0,0,0,1,0,0,0,0,0,3,0,0,0,1,1,0,1,0,0,0,0,0,0,1,1,2013-10,2013
12,sEMG for Basic Hand movements Data Set,3000,Life,2500,11/18/2014,No,68041,0,1,0,0,0,0,0,0,0,0,0,0,1,0,1,0,0,1,0,1,0,0,0,0,0,0,0,1,2014-11,2014
13,Poker Hand Data Set,1025010,Game,11,1/1/2007,No,609688,1,0,0,0,0,0,0,0,0,0,0,0,1,1,0,1,0,2,0,1,0,0,0,0,0,0,0,2,2007-1,2007
14,Cylinder Bands Data Set,512,Physical,39,8/1/1995,Yes,77223,1,0,0,0,0,0,0,0,0,0,0,0,1,1,1,1,0,3,0,1,0,0,0,0,0,0,0,3,1995-8,1995
15,Grammatical Facial Expressions Data Set,27965,Computer,100,10/6/2014,No,71847,1,0,0,0,0,0,1,0,0,0,0,0,2,0,1,0,0,1,0,1,0,0,0,0,0,0,1,1,2014-10,2014
16,Post-Operative Patient Data Set,90,Life,8,6/1/1993,Yes,106177,1,0,0,0,0,0,0,0,0,0,0,0,1,1,0,1,0,2,0,1,0,0,0,0,0,0,0,2,1993-6,1993
17,Gas sensor array under dynamic gas mixtures Data Set,4178504,Computer,19,3/20/2015,No,52895,1,1,0,0,0,0,0,0,0,0,0,0,2,0,1,0,0,1,0,1,1,0,0,0,0,0,0,1,2015-3,2015
18,"3D Road Network (North Jutland, Denmark) Data Set",434874,Computer,4,4/16/2013,No,187989,0,0,0,0,0,0,1,0,0,0,1,0,1,0,1,0,0,1,0,0,1,0,0,0,0,0,1,1,2013-4,2013
19,Residential Building Data Set Data Set,372,Computer,105,2/19/2018,No,45780,1,0,0,0,0,0,0,0,0,0,0,0,1,0,1,0,0,1,0,0,1,0,0,0,0,0,0,1,2018-2,2018
20,Open University Learning Analytics dataset Data Set,0,Computer,0,12/21/2015,Yes,62991,1,1,0,0,0,0,1,0,0,0,0,0,3,0,0,1,0,1,0,1,1,0,0,0,0,0,1,1,2015-12,2015
21,University of Tehran Question Dataset 2016 (UTQD.2016) Data Set,1175,Other,3,9/27/2017,Yes,12470,0,0,0,0,0,0,0,0,0,0,1,0,0,0,0,0,1,1,0,1,0,0,0,0,0,0,0,1,2017-9,2017
22,Heart Disease Data Set,303,Life,75,7/1/1988,Yes,1270649,1,0,0,0,0,0,0,0,0,0,0,0,1,1,1,1,0,3,0,1,0,0,0,0,0,0,0,3,1988-7,1988
23,Forest Fires Data Set,517,Physical,13,2/29/2008,No,901139,1,0,0,0,0,0,0,0,0,0,0,0,1,0,1,0,0,1,0,0,1,0,0,0,0,0,0,1,2008-2,2008
24,Kitsune Network Attack Dataset Data Set,27170754,Computer,115,10/16/2019,No,114874,1,1,0,0,0,0,1,0,0,0,0,0,3,0,1,0,0,1,1,1,0,0,0,0,0,0,1,1,2019-10,2019
25,TTC-3600: Benchmark dataset for Turkish text categorization Data Set,3600,Computer,4814,2/8/2017,No,14579,0,0,0,0,0,0,0,0,0,0,1,0,0,0,0,1,0,1,0,1,0,0,0,0,0,0,1,1,2017-2,2017
26,Container Crane Controller Data Set Data Set,15,Computer,3,1/1/2018,No,30460,0,0,0,1,0,0,0,0,1,0,0,0,2,0,1,0,0,1,0,1,1,0,0,0,0,0,0,1,2018-1,2018
27,REALDISP Activity Recognition Dataset Data Set,1419,Computer,120,7/25/2014,No,44901,1,1,0,0,0,0,0,0,0,0,0,0,2,0,1,0,0,1,0,1,0,0,0,0,0,0,0,1,2014-7,2014
28,Condition Based Maintenance of Naval Propulsion Plants Data Set,11934,Computer,16,9/11/2014,No,58896,1,0,0,0,0,0,0,0,0,0,0,0,1,0,1,0,0,1,0,0,1,0,0,0,0,0,0,1,2014-9,2014
29,Quadruped Mammals Data Set,0,Life,72,8/25/1992,No,66719,1,0,1,0,0,0,0,0,0,0,0,0,2,0,1,0,0,1,0,1,0,0,0,0,0,0,0,1,1992-8,1992
30,Air Quality Data Set,9358,Computer,15,3/23/2016,Yes,437733,1,1,0,0,0,0,0,0,0,0,0,0,2,0,1,0,0,1,0,0,1,0,0,0,0,0,0,1,2016-3,2016
31,Spoken Arabic Digit Data Set,8800,Other,13,9/13/2010,No,77922,1,1,0,0,0,0,0,0,0,0,0,0,2,0,1,0,0,1,0,1,0,0,0,0,0,0,0,1,2010-9,2010
32,Image Segmentation Data Set,2310,Other,19,11/1/1990,No,198808,1,0,0,0,0,0,0,0,0,0,0,0,1,0,1,0,0,1,0,1,0,0,0,0,0,0,0,1,1990-11,1990
33,Breast Cancer Wisconsin (Diagnostic) Data Set,569,Life,32,11/1/1995,No,1292735,1,0,0,0,0,0,0,0,0,0,0,0,1,0,1,0,0,1,0,1,0,0,0,0,0,0,0,1,1995-11,1995
34,MAGIC Gamma Telescope Data Set,19020,Physical,11,5/1/2007,No,115046,1,0,0,0,0,0,0,0,0,0,0,0,1,0,1,0,0,1,0,1,0,0,0,0,0,0,0,1,2007-5,2007
35,Teaching Assistant Evaluation Data Set,151,Other,5,6/7/1997,No,161779,1,0,0,0,0,0,0,0,0,0,0,0,1,1,0,1,0,2,0,1,0,0,0,0,0,0,0,2,1997-6,1997
36,Skin Segmentation Data Set,245057,Computer,4,7/17/2012,No,203490,0,0,0,0,0,0,0,0,1,0,0,0,1,0,1,0,0,1,0,1,0,0,0,0,0,0,0,1,2012-7,2012
37,Australian Sign Language signs Data Set,6650,Other,15,4/20/1999,No,100030,1,1,0,0,0,0,0,0,0,0,0,0,2,1,1,0,0,2,0,1,0,0,0,0,0,0,0,2,1999-4,1999
38,Mobile Robots Data Set,0,Computer,0,7/15/1995,No,73865,0,0,0,1,0,0,0,0,0,0,0,0,1,1,1,1,0,3,0,0,0,0,0,0,0,1,0,3,1995-7,1995
39,Mammographic Mass Data Set,961,Life,6,10/29/2007,Yes,172853,1,0,0,0,0,0,0,0,0,0,0,0,1,0,0,1,0,1,0,1,0,0,0,0,0,0,0,1,2007-10,2007
40,WESAD (Wearable Stress and Affect Detection) Data Set,63000000,Computer,12,9/14/2018,No,37700,1,1,0,0,0,0,0,0,0,0,0,0,2,0,1,0,0,1,0,1,1,0,0,0,0,0,0,1,2018-9,2018
41,KEGG Metabolic Relation Network (Directed) Data Set,53414,Life,24,11/28/2011,No,56566,1,0,0,0,0,0,0,0,1,0,1,0,2,0,1,1,0,2,0,1,1,0,0,0,0,0,1,2,2011-11,2011
42,PANDOR Data Set,0,Life,0,10/2/2018,No,14453,1,0,0,0,0,0,0,0,0,0,0,0,1,1,0,0,0,1,0,0,0,0,1,0,0,0,0,1,2018-10,2018
44,AutoUniv Data Set,0,Other,0,11/3/2010,No,58967,1,0,0,0,0,0,0,0,0,0,0,0,1,1,1,1,0,3,0,1,0,0,0,0,0,0,0,3,2010-11,2010
45,Parkinson Disease Spiral Drawings Using Digitized Graphics Tablet Data Set,77,Computer,7,7/20/2017,No,44869,1,0,0,0,0,0,0,0,0,0,0,0,1,0,0,1,0,1,0,1,1,0,0,0,0,0,1,1,2017-7,2017
47,extention of Z-Alizadeh sani dataset Data Set,303,Life,59,11/17/2017,No,11366,0,0,0,0,0,0,0,0,0,0,0,0,0,0,1,1,0,2,0,1,0,0,0,0,0,0,0,2,2017-11,2017
48,HIGGS Data Set,11000000,Physical,28,2/12/2014,No,149351,0,0,0,0,0,0,0,0,0,0,0,0,0,0,1,0,0,1,0,1,0,0,0,0,0,0,0,1,2014-2,2014
49,Hepatitis C Virus (HCV) for Egyptian patients Data Set,1385,Life,29,9/30/2019,No,47175,1,0,0,0,0,0,0,0,0,0,0,0,1,0,1,1,0,2,0,1,0,0,0,0,0,0,0,2,2019-9,2019
50,LED Display Domain Data Set,0,Computer,7,11/10/1988,No,69411,1,0,1,0,0,0,0,0,0,0,0,0,2,1,0,0,0,1,0,1,0,0,0,0,0,0,0,1,1988-11,1988
51,Opinion Corpus for Lebanese Arabic Reviews (OCLAR) Data Set,3916,Computer,3916,6/17/2019,No,4065,0,0,0,0,0,0,0,0,0,0,1,0,0,0,0,1,0,1,0,1,0,0,0,0,0,0,0,1,2019-6,2019
52,Air Quality Data Set,9358,Computer,15,3/23/2016,Yes,437734,1,1,0,0,0,0,0,0,0,0,0,0,2,0,1,0,0,1,0,0,1,0,0,0,0,0,0,1,2016-3,2016
53,selfBACK Data Set,26136,Computer,6,6/15/2020,No,2998,0,1,0,0,0,0,0,0,0,0,0,0,1,0,1,0,0,1,0,1,0,0,0,0,0,0,1,1,2020-6,2020
54,Wireless Indoor Localization Data Set,2000,Computer,7,12/4/2017,No,44669,1,0,0,0,0,0,0,0,0,0,0,0,1,0,1,0,0,1,0,1,0,0,0,0,0,0,0,1,2017-12,2017
55,Ecoli Data Set,336,Life,8,9/1/1996,No,233225,1,0,0,0,0,0,0,0,0,0,0,0,1,0,1,0,0,1,0,1,0,0,0,0,0,0,0,1,1996-9,1996
56,HCC Survival Data Set,165,Life,49,11/29/2017,Yes,32639,1,0,0,0,0,0,0,0,0,0,0,0,1,0,1,1,0,2,0,1,0,0,0,0,0,0,0,2,2017-11,2017
57,Hill-Valley Data Set,606,Other,101,3/20/2008,No,71030,0,0,0,0,0,0,1,0,0,0,0,0,1,0,1,0,0,1,0,1,0,0,0,0,0,0,0,1,2008-3,2008
58,Reuters Transcribed Subset Data Set,200,Business,0,3/8/2008,No,56978,0,0,0,0,0,0,0,0,0,0,1,0,0,0,0,0,1,1,0,1,0,0,0,0,0,0,0,1,2008-3,2008
59,Blood Transfusion Service Center Data Set,748,Business,5,10/3/2008,No,330908,1,0,0,0,0,0,0,0,0,0,0,0,1,0,1,0,0,1,0,1,0,0,0,0,0,0,0,1,2008-10,2008
60,Character Trajectories Data Set,2858,Computer,3,8/20/2008,No,147124,0,1,0,0,0,0,0,0,0,0,0,0,1,0,1,0,0,1,0,1,0,0,0,0,0,0,1,1,2008-8,2008
61,BLOGGER Data Set,100,Computer,6,7/6/2013,No,81725,1,0,0,0,0,0,0,0,0,0,0,0,1,0,0,0,1,1,0,1,0,0,0,0,0,0,0,1,2013-7,2013
62,MHEALTH Dataset Data Set,120,Computer,23,12/7/2014,No,99662,1,1,0,0,0,0,0,0,0,0,0,0,2,0,1,0,0,1,0,1,0,0,0,0,0,0,0,1,2014-12,2014
63,Victorian Era Authorship Attribution Data Set,93600,Computer,1000,5/31/2018,No,16425,0,0,0,0,0,0,0,0,0,0,1,0,0,0,0,0,1,1,0,1,0,0,0,0,0,0,0,1,2018-5,2018
64,Census Income Data Set,48842,Social,14,5/1/1996,Yes,451336,1,0,0,0,0,0,0,0,0,0,0,0,1,1,0,1,0,2,0,1,0,0,0,0,0,0,0,2,1996-5,1996
65,EEG Database Data Set,122,Life,4,10/13/1999,Yes,211042,1,1,0,0,0,0,0,0,0,0,0,0,2,1,1,1,0,3,0,0,0,0,0,0,0,1,0,3,1999-10,1999
66,Chess (King-Rook vs. King-Knight) Data Set,0,Game,22,10/3/1988,No,72291,1,0,1,0,0,0,0,0,0,0,0,0,2,1,0,1,0,2,0,1,0,0,0,0,0,0,0,2,1988-10,1988
67,Heterogeneity Activity Recognition Data Set,43930257,Computer,16,10/26/2015,Yes,102017,1,1,0,0,0,0,0,0,0,0,0,0,2,0,1,0,0,1,0,1,0,0,0,0,0,0,1,1,2015-10,2015
68,Nomao Data Set,34465,Computer,120,7/4/2012,Yes,52075,0,0,0,0,0,0,0,0,1,0,0,0,1,0,1,0,0,1,0,1,0,0,0,0,0,0,0,1,2012-7,2012
69,Reuters-21578 Text Categorization Collection Data Set,21578,Other,5,9/26/1997,No,189716,0,0,0,0,0,0,0,0,0,0,1,0,0,1,0,0,0,1,0,1,0,0,0,0,0,0,0,1,1997-9,1997
70,Alcohol QCM Sensor Dataset Data Set,125,Computer,8,7/22/2019,No,44320,1,0,0,0,0,0,0,0,0,0,0,0,1,0,1,0,0,1,0,1,1,0,0,0,0,0,1,1,2019-7,2019
71,Airfoil Self-Noise Data Set,1503,Physical,6,3/4/2014,No,130841,1,0,0,0,0,0,0,0,0,0,0,0,1,0,1,0,0,1,0,0,1,0,0,0,0,0,0,1,2014-3,2014
74,Devanagari Handwritten Character Dataset Data Set,92000,Computer,0,9/1/2016,No,27994,0,0,0,0,0,0,0,0,0,0,0,0,0,0,0,1,0,1,0,1,0,0,0,0,0,0,0,1,2016-9,2016
75,Daily and Sports Activities Data Set,9120,Computer,5625,7/8/2013,No,188348,1,1,0,0,0,0,0,0,0,0,0,0,2,0,1,0,0,1,0,1,0,0,0,0,0,0,1,1,2013-7,2013
76,Document Understanding Data Set,0,Other,0,11/1/1994,No,44459,0,0,0,0,0,0,0,0,0,0,0,0,0,0,0,0,1,1,0,0,0,0,0,0,0,1,0,1,1994-11,1994
77,Tarvel Review Ratings Data Set,5456,Other,25,12/19/2018,No,51016,1,0,0,0,0,0,0,0,0,0,1,0,1,0,1,0,0,1,0,1,0,0,0,0,0,0,1,1,2018-12,2018
78,Arrhythmia Data Set,452,Life,279,1/1/1998,Yes,315309,1,0,0,0,0,0,0,0,0,0,0,0,1,1,1,1,0,3,0,1,0,0,0,0,0,0,0,3,1998-1,1998
80,Molecular Biology (Promoter Gene Sequences) Data Set,106,Life,58,6/30/1990,No,78137,0,0,0,1,0,0,1,0,0,0,0,0,2,1,0,0,0,1,0,1,0,0,0,0,0,0,0,1,1990-6,1990
81,Online Handwritten Assamese Characters Dataset Data Set,8235,Computer,0,4/1/2011,No,47303,1,0,0,0,0,0,1,0,0,0,0,0,2,0,0,1,0,1,0,1,0,0,0,0,0,0,0,1,2011-4,2011
82,Communities and Crime Unnormalized Data Set,2215,Social,147,3/2/2011,Yes,145708,1,0,0,0,0,0,0,0,0,0,0,0,1,0,1,0,0,1,0,0,1,0,0,0,0,0,0,1,2011-3,2011
84,Drug consumption (quantified) Data Set,1885,Social,32,10/17/2016,No,128556,1,0,0,0,0,0,0,0,0,0,0,0,1,0,1,0,0,1,0,1,0,0,0,0,0,0,0,1,2016-10,2016
85,StoneFlakes Data Set,79,Other,8,5/20/2014,Yes,62631,1,0,0,0,0,0,0,0,0,0,0,0,1,0,1,0,0,1,1,1,0,0,0,0,0,0,1,1,2014-5,2014
86,Relative location of CT slices on axial axis Data Set,53500,Computer,386,7/7/2011,No,56666,0,0,0,1,0,0,0,0,0,0,0,0,1,0,1,0,0,1,0,0,1,0,0,0,0,0,0,1,2011-7,2011
87,Insurance Company Benchmark (COIL 2000) Data Set,9000,Social,86,7/3/2000,No,154830,1,0,0,0,0,0,0,0,0,0,0,0,1,1,0,1,0,2,0,0,1,0,0,1,0,0,0,2,2000-7,2000
88,Congressional Voting Records Data Set,435,Social,16,4/27/1987,Yes,221074,1,0,0,0,0,0,0,0,0,0,0,0,1,1,0,0,0,1,0,1,0,0,0,0,0,0,0,1,1987-4,1987
89,Drug Review Dataset (Drugs.com) Data Set,215063,Life,6,10/4/2018,No,74826,1,0,0,0,0,0,0,0,0,0,1,0,1,0,0,1,0,1,0,1,1,0,0,0,0,0,1,1,2018-10,2018
90,Yacht Hydrodynamics Data Set,308,Physical,7,1/3/2013,No,95331,1,0,0,0,0,0,0,0,0,0,0,0,1,0,1,0,0,1,0,0,1,0,0,0,0,0,0,1,2013-1,2013
91,OCT data & Color Fundus Images of Left & Right Eyes Data Set,50,Computer,2,11/1/2016,No,15547,1,0,0,0,0,0,0,0,0,0,0,0,1,0,1,0,0,1,0,1,0,0,0,0,0,0,0,1,2016-11,2016
92,Water Treatment Plant Data Set,527,Physical,38,6/1/1993,No,145232,1,0,0,0,0,0,0,0,0,0,0,0,1,0,1,1,0,2,0,0,0,0,0,0,0,0,1,2,1993-6,1993
94,BLE RSSI Dataset for Indoor localization and Navigation Data Set,6611,Computer,15,1/25/2018,Yes,30121,1,1,0,0,0,0,1,0,0,0,0,0,3,0,0,1,0,1,0,1,0,0,0,0,0,0,1,1,2018-1,2018
95,Audit Data Data Set,777,Other,18,7/14/2018,Yes,38552,1,0,0,0,0,0,0,0,0,0,0,0,1,0,1,0,0,1,0,1,0,0,0,0,0,0,0,1,2018-7,2018
96,SPECT Heart Data Set,267,Life,22,10/1/2001,No,204736,1,0,0,0,0,0,0,0,0,0,0,0,1,1,0,0,0,1,0,1,0,0,0,0,0,0,0,1,2001-10,2001
97,Entree Chicago Recommendation Data Data Set,50672,Other,0,3/9/2000,Yes,93464,0,0,0,0,0,0,1,0,0,0,0,1,1,1,0,0,0,1,0,0,0,0,0,0,0,0,0,1,2000-3,2000
98,Nursery Data Set,12960,Social,8,6/1/1997,No,199758,1,0,0,0,0,0,0,0,0,0,0,0,1,1,0,0,0,1,0,1,0,0,0,0,0,0,0,1,1997-6,1997
99,Lenses Data Set,24,Other,4,8/1/1990,No,173869,1,0,0,0,0,0,0,0,0,0,0,0,1,1,0,0,0,1,0,1,0,0,0,0,0,0,0,1,1990-8,1990
100,BAUM-2 Data Set,1047,Computer,0,11/9/2018,No,10518,0,1,0,0,0,0,0,0,0,0,0,0,1,0,0,0,1,1,0,1,0,0,0,0,0,0,0,1,2018-11,2018
101,"Reuters RCV1 RCV2 Multilingual, Multiview Text Categorization Test collection Data Set",111740,Life,0,9/6/2013,No,59985,1,0,0,0,0,0,0,0,0,0,0,0,1,0,1,0,0,1,0,1,0,0,0,0,0,0,0,1,2013-9,2013
102,NIPS Conference Papers 1987-2015 Data Set,11463,Computer,5812,11/23/2016,No,50319,0,0,0,0,0,0,0,0,0,0,1,0,0,0,0,1,0,1,0,0,0,0,0,0,0,0,1,1,2016-11,2016
104,Gas sensors for home activity monitoring Data Set,919438,Computer,11,7/15/2016,No,81785,1,1,0,0,0,0,0,0,0,0,0,0,2,0,1,0,0,1,0,1,0,0,0,0,0,0,0,1,2016-7,2016
105,CMU Face Images Data Set,640,Other,0,6/24/1999,Yes,148034,0,0,0,0,0,0,0,0,0,0,0,0,0,0,0,1,0,1,0,1,0,0,0,0,0,0,0,1,1999-6,1999
106,Musk (Version 1) Data Set,476,Physical,168,9/12/1994,No,66919,1,0,0,0,0,0,0,0,0,0,0,0,1,0,0,1,0,1,0,1,0,0,0,0,0,0,0,1,1994-9,1994
107,EEG Steady-State Visual Evoked Potential Signals Data Set,9200,Life,16,7/13/2018,No,33481,1,1,0,0,0,0,0,0,0,0,0,0,2,0,0,1,0,1,0,1,1,0,0,0,0,0,0,1,2018-7,2018
108,Twenty Newsgroups Data Set,20000,Other,0,9/9/1999,No,114232,0,0,0,0,0,0,0,0,0,0,1,0,0,0,0,0,1,1,0,0,0,0,0,0,0,1,0,1,1999-9,1999
109,Glass Identification Data Set,214,Physical,10,9/1/1987,No,348898,1,0,0,0,0,0,0,0,0,0,0,0,1,0,1,0,0,1,0,1,0,0,0,0,0,0,0,1,1987-9,1987
111,User Knowledge Modeling Data Set,403,Computer,5,6/26/2013,No,126250,1,0,0,0,0,0,0,0,0,0,0,0,1,0,0,1,0,1,0,1,0,0,0,0,0,0,1,1,2013-6,2013
112,Optical Recognition of Handwritten Digits Data Set,5620,Computer,64,7/1/1998,No,276536,1,0,0,0,0,0,0,0,0,0,0,0,1,0,0,1,0,1,0,1,0,0,0,0,0,0,0,1,1998-7,1998
113,Individual household electric power consumption Data Set,2075259,Physical,9,8/30/2012,Yes,366946,1,1,0,0,0,0,0,0,0,0,0,0,2,0,1,0,0,1,0,0,1,0,0,0,0,0,1,1,2012-8,2012
114,Primary Tumor Data Set,339,Life,17,11/1/1988,Yes,132154,1,0,0,0,0,0,0,0,0,0,0,0,1,1,0,0,0,1,0,1,0,0,0,0,0,0,0,1,1988-11,1988
115,EMG data for gestures Data Set,30000,Life,6,1/7/2019,No,48587,0,1,0,0,0,0,0,0,0,0,0,0,1,0,1,0,0,1,0,1,0,0,0,0,0,0,0,1,2019-1,2019
116,Hepatitis Data Set,155,Life,19,11/1/1988,Yes,256793,1,0,0,0,0,0,0,0,0,0,0,0,1,1,1,1,0,3,0,1,0,0,0,0,0,0,0,3,1988-11,1988
117,Syskill and Webert Web Page Ratings Data Set,332,Computer,5,10/20/1998,No,67595,1,0,0,0,0,0,0,0,0,0,1,0,1,1,0,0,0,1,0,1,0,0,0,0,0,0,0,1,1998-10,1998
118,Australian Sign Language signs (High Quality) Data Set,2565,Other,22,2/26/2002,No,112305,1,1,0,0,0,0,0,0,0,0,0,0,2,0,1,0,0,1,0,1,0,0,0,0,0,0,0,1,2002-2,2002
119,CalIt2 Building People Counts Data Set,10080,Other,4,12/1/2006,No,53914,1,1,0,0,0,0,0,0,0,0,0,0,2,1,0,1,0,2,0,0,0,0,0,0,0,1,0,2,2006-12,2006
120,HEPMASS Data Set,10500000,Physical,28,1/28/2016,No,63325,1,0,0,0,0,0,0,0,0,0,0,0,1,0,1,0,0,1,0,1,0,0,0,0,0,0,0,1,2016-1,2016
122,Paper Reviews Data Set,405,Computer,10,10/23/2017,Yes,50255,0,0,0,0,0,0,0,0,0,0,1,0,0,0,0,1,0,1,0,1,1,0,0,0,0,0,0,1,2017-10,2017
124,Demospongiae Data Set,503,Life,0,1/21/2010,Yes,55325,1,0,0,0,0,0,0,0,0,0,0,0,1,0,0,1,0,1,0,1,0,0,0,0,0,0,0,1,2010-1,2010
125,Roman Urdu Data Set Data Set,20000,Computer,2,8/29/2018,No,20633,0,0,0,0,0,0,0,0,0,0,1,0,0,0,0,0,1,1,0,1,0,0,0,0,0,0,0,1,2018-8,2018
126,URL Reputation Data Set,2396130,Computer,3231961,10/15/2009,No,138461,1,1,0,0,0,0,0,0,0,0,0,0,2,0,1,1,0,2,0,1,0,0,0,0,0,0,0,2,2009-10,2009
127,Dorothea Data Set,1950,Life,100000,2/29/2008,No,109176,1,0,0,0,0,0,0,0,0,0,0,0,1,0,0,1,0,1,0,1,0,0,0,0,0,0,0,1,2008-2,2008
128,UJI Pen Characters Data Set,1364,Computer,0,6/1/2007,No,97231,1,0,0,0,0,0,1,0,0,0,0,0,2,0,0,1,0,1,0,1,0,0,0,0,0,0,0,1,2007-6,2007
129,Urban Land Cover Data Set,168,Physical,148,3/27/2014,No,46854,1,0,0,0,0,0,0,0,0,0,0,0,1,0,0,0,1,1,0,1,0,0,0,0,0,0,0,1,2014-3,2014
130,Bias correction of numerical prediction model temperature forecast Data Set,7750,Physical,25,2/18/2020,Yes,14124,1,0,0,0,0,0,0,0,0,0,0,0,1,0,1,0,0,1,0,0,1,0,0,0,0,0,0,1,2020-2,2020
131,Breast Cancer Coimbra Data Set,116,Life,10,3/6/2018,No,88384,1,0,0,0,0,0,0,0,0,0,0,0,1,0,0,1,0,1,0,1,0,0,0,0,0,0,0,1,2018-3,2018
132,Firm-Teacher_Clave-Direction_Classification Data Set,10800,Other,20,4/24/2015,No,28904,1,0,0,0,0,0,0,0,0,0,0,0,1,0,0,0,1,1,0,1,0,0,0,0,0,0,0,1,2015-4,2015
133,PMU-UD Data Set,5180,Computer,9,8/5/2018,No,10405,0,0,0,0,0,0,0,0,1,0,0,0,1,0,0,0,1,1,0,1,0,0,0,0,0,0,0,1,2018-8,2018
134,Real-time Election Results: Portugal 2019 Data Set,21643,Social,29,12/5/2019,No,11800,1,1,0,0,0,0,0,0,0,0,1,0,2,0,1,1,0,2,0,0,1,0,0,0,0,0,0,2,2019-12,2019
135,Turkiye Student Evaluation Data Set,5820,Other,33,9/1/2013,No,99876,1,0,0,0,0,0,0,0,0,0,0,0,1,0,0,0,1,1,0,1,0,0,0,0,0,0,1,1,2013-9,2013
136,Online Retail II Data Set,1067371,Business,8,9/21/2019,Yes,71232,1,1,0,0,0,0,1,0,0,0,1,0,3,0,1,1,0,2,0,1,1,0,0,0,0,0,1,2,2019-9,2019
137,Bike Sharing Dataset Data Set,17389,Social,16,12/20/2013,No,491007,0,0,0,0,0,0,0,0,1,0,0,0,1,0,1,1,0,2,0,0,1,0,0,0,0,0,0,2,2013-12,2013
138,Gas sensor array under flow modulation Data Set,58,Computer,120432,9/10/2014,No,38476,1,1,0,0,0,0,0,0,0,0,0,0,2,0,1,0,0,1,0,1,1,0,0,0,0,0,0,1,2014-9,2014
139,Tamilnadu Electricity Board Hourly Readings Data Set,45781,Life,5,12/22/2013,No,74033,1,0,0,0,0,0,0,0,0,0,0,0,1,0,1,0,0,1,0,1,1,0,0,0,0,0,1,1,2013-12,2013
140,YouTube Spam Collection Data Set,1956,Computer,5,3/26/2017,No,81581,0,0,0,0,0,0,0,0,0,0,1,0,0,0,0,0,1,1,0,1,0,0,0,0,0,0,0,1,2017-3,2017
141,Bag of Words Data Set,8000000,Other,100000,3/12/2008,No,311733,0,0,0,0,0,0,0,0,0,0,1,0,0,0,0,1,0,1,0,0,0,0,0,0,0,0,1,1,2008-3,2008
142,Eco-hotel Data Set,401,Business,1,7/23/2017,No,37241,0,0,0,0,0,0,0,0,0,0,1,0,0,0,0,0,1,1,0,0,0,0,0,0,0,1,0,1,2017-7,2017
143,detection_of_IoT_botnet_attacks_N_BaIoT Data Set,7062606,Computer,115,3/19/2018,No,65524,1,0,0,0,0,0,1,0,0,0,0,0,2,0,1,0,0,1,0,1,0,0,0,0,0,0,1,1,2018-3,2018
144,OpinRank Review Dataset Data Set,0,Computer,0,7/26/2011,No,51010,0,0,0,0,0,0,0,0,0,0,1,0,0,0,0,0,1,1,0,0,0,0,0,0,0,1,0,1,2011-7,2011
145,BitcoinHeistRansomwareAddressDataset Data Set,2916697,Computer,10,6/17/2020,No,3669,1,1,0,0,0,0,0,0,0,0,0,0,2,0,1,1,0,2,0,1,0,0,0,0,0,0,1,2,2020-6,2020
146,Repeat Consumption Matrices Data Set,130000,Computer,21000,3/22/2018,No,21013,1,0,0,0,0,0,0,0,0,0,0,0,1,0,1,0,0,1,0,0,0,0,0,0,0,0,1,1,2018-3,2018
147,Restaurant & consumer data Data Set,138,Computer,47,8/4/2012,Yes,141767,1,0,0,0,0,0,0,0,0,0,0,0,1,0,0,0,1,1,0,0,0,0,0,0,0,1,0,1,2012-8,2012
148,HIV-1 protease cleavage Data Set,6590,Life,1,4/25/2015,No,60295,1,0,0,0,0,0,0,0,0,0,0,0,1,1,0,0,0,1,0,1,0,0,0,0,0,0,0,1,2015-4,2015
149,Avila Data Set,20867,Computer,10,6/20/2018,No,31304,1,0,0,0,0,0,0,0,0,0,0,0,1,0,1,0,0,1,0,1,0,0,0,0,0,0,0,1,2018-6,2018
150,Chess (King-Rook vs. King-Pawn) Data Set,3196,Game,36,8/1/1989,No,116780,1,0,0,0,0,0,0,0,0,0,0,0,1,1,0,0,0,1,0,1,0,0,0,0,0,0,0,1,1989-8,1989
151,DrivFace Data Set,606,Computer,6400,5/26/2016,No,35735,1,0,0,0,0,0,0,0,0,0,0,0,1,0,1,0,0,1,0,1,1,0,0,0,0,0,1,1,2016-5,2016
152,Website Phishing Data Set,1353,Computer,10,11/2/2016,No,83416,1,0,0,0,0,0,0,0,0,0,0,0,1,0,0,1,0,1,0,1,0,0,0,0,0,0,0,1,2016-11,2016
153,Breast Cancer Wisconsin (Original) Data Set,699,Life,10,7/15/1992,Yes,610312,1,0,0,0,0,0,0,0,0,0,0,0,1,0,0,1,0,1,0,1,0,0,0,0,0,0,0,1,1992-7,1992
154,Low Resolution Spectrometer Data Set,531,Physical,102,3/1/1988,No,53000,1,0,0,0,0,0,0,0,0,0,0,0,1,0,1,1,0,2,0,1,0,0,0,0,0,0,0,2,1988-3,1988
155,Reuter_50_50 Data Set,2500,Computer,10000,9/8/2011,No,65189,1,0,0,1,0,0,0,0,0,0,1,0,2,0,1,0,0,1,0,1,0,0,0,0,0,0,1,1,2011-9,2011
156,Kinship Data Set,104,Social,12,7/1/1990,No,76204,0,0,0,0,0,1,0,0,0,0,0,0,1,1,0,0,0,1,0,0,0,0,0,0,1,0,0,1,1990-7,1990
157,Localization Data for Person Activity Data Set,164860,Life,8,11/3/2010,No,105864,0,1,0,0,0,0,1,0,1,0,0,0,3,0,1,0,0,1,0,1,0,0,0,0,0,0,0,1,2010-11,2010
158,Combined Cycle Power Plant Data Set,9568,Computer,4,3/26/2014,No,167823,1,0,0,0,0,0,0,0,0,0,0,0,1,0,1,0,0,1,0,0,1,0,0,0,0,0,0,1,2014-3,2014
159,ISOLET Data Set,7797,Computer,617,9/12/1994,No,122817,1,0,0,0,0,0,0,0,0,0,0,0,1,0,1,0,0,1,0,1,0,0,0,0,0,0,0,1,1994-9,1994
160,Audiology (Original) Data Set,226,Life,0,12/3/1987,Yes,110441,1,0,0,0,0,0,0,0,0,0,0,0,1,1,0,0,0,1,0,1,0,0,0,0,0,0,0,1,1987-12,1987
161,NYSK Data Set,10421,Social,7,10/11/2013,No,53307,1,0,0,0,0,0,1,0,0,0,1,0,2,0,0,0,1,1,0,0,0,0,0,0,0,0,1,1,2013-10,2013
162,Dataset for ADL Recognition with Wrist-worn Accelerometer Data Set,0,Computer,3,2/11/2014,No,78994,1,1,0,0,0,0,0,0,0,0,0,0,2,0,0,0,1,1,0,1,0,0,0,0,0,0,1,1,2014-2,2014
163,Daily Demand Forecasting Orders Data Set,60,Business,13,11/21/2017,No,78216,0,1,0,0,0,0,0,0,0,0,0,0,1,0,0,1,0,1,0,0,1,0,0,0,0,0,0,1,2017-11,2017
164,Burst Header Packet (BHP) flooding attack on Optical Burst Switching (OBS) Network Data Set,1075,Computer,22,8/28/2017,No,30223,0,0,0,0,0,0,0,0,0,0,1,0,0,0,0,1,0,1,0,1,0,0,0,0,0,0,0,1,2017-8,2017
165,Parkinson Speech Dataset with  Multiple Types of Sound Recordings Data Set,1040,Life,26,6/12/2014,No,99046,1,0,0,0,0,0,0,0,0,0,0,0,1,0,1,1,0,2,0,1,1,0,0,0,0,0,0,2,2014-6,2014
166,Shuttle Landing Control Data Set,15,Physical,6,11/1/1988,No,103637,1,0,0,0,0,0,0,0,0,0,0,0,1,1,0,0,0,1,0,1,0,0,0,0,0,0,0,1,1988-11,1988
167,Statlog (Image Segmentation) Data Set,2310,Other,19,11/1/1990,No,61416,1,0,0,0,0,0,0,0,0,0,0,0,1,0,1,0,0,1,0,1,0,0,0,0,0,0,0,1,1990-11,1990
168,Molecular Biology (Splice-junction Gene Sequences) Data Set,3190,Life,61,1/1/1992,No,101540,0,0,0,1,0,0,1,0,0,0,0,0,2,1,0,0,0,1,0,1,0,0,0,0,0,0,0,1,1992-1,1992
169,Amazon Commerce reviews set Data Set,1500,Physical,10000,6/11/2011,No,198876,1,0,0,1,0,0,0,0,0,0,1,0,2,0,1,0,0,1,0,1,0,0,0,0,0,0,0,1,2011-6,2011
170,User Identification From Walking Activity Data Set,0,Other,0,3/2/2014,No,73025,0,1,0,0,0,0,1,0,1,0,0,0,3,0,1,0,0,1,0,1,0,0,0,0,0,0,1,1,2014-3,2014
171,Query Analytics Workloads Dataset Data Set,260000,Computer,8,6/22/2019,No,13923,1,0,0,0,0,0,0,0,0,0,0,0,1,0,1,0,0,1,0,0,1,0,0,0,0,0,1,1,2019-6,2019
172,Abscisic Acid Signaling Network Data Set,300,Life,43,4/3/2008,No,56272,1,0,0,0,0,0,0,0,0,0,0,0,1,0,0,1,0,1,1,0,0,0,0,0,0,0,0,1,2008-4,2008
173,Wilt Data Set,4889,Life,6,3/13/2014,No,59614,1,0,0,0,0,0,0,0,0,0,0,0,1,0,0,0,1,1,0,1,0,0,0,0,0,0,0,1,2014-3,2014
174,MoCap Hand Postures Data Set,78095,Computer,38,11/22/2016,Yes,21558,1,0,0,0,0,0,0,0,0,0,0,0,1,0,1,1,0,2,0,1,0,0,0,0,0,0,1,2,2016-11,2016
176,Madelon Data Set,4400,Other,500,2/29/2008,No,135366,1,0,0,0,0,0,0,0,0,0,0,0,1,0,1,0,0,1,0,1,0,0,0,0,0,0,0,1,2008-2,2008
177,Contraceptive Method Choice Data Set,1473,Life,9,7/7/1997,No,194079,1,0,0,0,0,0,0,0,0,0,0,0,1,1,0,1,0,2,0,1,0,0,0,0,0,0,0,2,1997-7,1997
178,Newspaper and magazine images segmentation dataset Data Set,101,Computer,0,7/15/2014,No,27601,0,0,0,0,0,0,0,0,0,0,0,0,0,0,0,0,1,1,0,1,0,0,0,0,0,0,0,1,2014-7,2014
179,Chronic_Kidney_Disease Data Set,400,Other,25,7/3/2015,Yes,170935,1,0,0,0,0,0,0,0,0,0,0,0,1,0,1,0,0,1,0,1,0,0,0,0,0,0,0,1,2015-7,2015
180,Bach Choral Harmony Data Set,5665,Other,17,5/20/2014,No,49594,0,0,0,0,0,0,1,0,0,0,0,0,1,0,0,0,1,1,0,1,0,0,0,0,0,0,0,1,2014-5,2014
181,Ultrasonic flowmeter diagnostics Data Set,540,Computer,173,1/13/2018,No,16637,1,0,0,0,0,0,0,0,0,0,0,0,1,0,1,0,0,1,0,1,0,0,0,0,0,0,0,1,2018-1,2018
182,KDC-4007 dataset Collection Data Set,4007,Computer,0,4/27/2017,No,31104,1,0,0,0,0,0,0,0,0,0,1,0,1,0,0,1,0,1,0,1,1,0,0,0,0,0,0,1,2017-4,2017
183,Synthetic Control Chart Time Series Data Set,600,Other,0,6/8/1999,No,80071,0,1,0,0,0,0,0,0,0,0,0,0,1,0,1,0,0,1,0,1,0,0,0,0,0,0,1,1,1999-6,1999
184,First-order theorem proving Data Set,6118,Computer,51,4/17/2013,No,42987,1,0,0,0,0,0,0,0,0,0,0,0,1,0,1,0,0,1,0,1,0,0,0,0,0,0,0,1,2013-4,2013
185,Online Retail Data Set,541909,Business,8,11/6/2015,No,489566,1,1,0,0,0,0,1,0,0,0,0,0,3,0,1,1,0,2,0,1,0,0,0,0,0,0,1,2,2015-11,2015
186,Semeion Handwritten Digit Data Set,1593,Computer,256,11/11/2008,No,127767,1,0,0,0,0,0,0,0,0,0,0,0,1,0,0,1,0,1,0,1,0,0,0,0,0,0,0,1,2008-11,2008
187,HTRU2 Data Set,17898,Physical,9,2/14/2017,No,61898,1,0,0,0,0,0,0,0,0,0,0,0,1,0,1,0,0,1,0,1,0,0,0,0,0,0,1,1,2017-2,2017
188,Superconductivty Data Data Set,21263,Physical,81,10/12/2018,No,42447,1,0,0,0,0,0,0,0,0,0,0,0,1,0,1,0,0,1,0,0,1,0,0,0,0,0,0,1,2018-10,2018
189,MiniBooNE particle identification Data Set,130065,Physical,50,12/13/2010,No,52085,1,0,0,0,0,0,0,0,0,0,0,0,1,0,1,0,0,1,0,1,0,0,0,0,0,0,0,1,2010-12,2010
190,banknote authentication Data Set,1372,Computer,5,4/16/2013,No,252153,1,0,0,0,0,0,0,0,0,0,0,0,1,0,1,0,0,1,0,1,0,0,0,0,0,0,0,1,2013-4,2013
191,Zoo Data Set,101,Life,17,5/15/1990,No,320027,1,0,0,0,0,0,0,0,0,0,0,0,1,1,0,1,0,2,0,1,0,0,0,0,0,0,0,2,1990-5,1990
192,Gas sensor arrays in open sampling settings Data Set,18000,Computer,1950000,6/5/2013,No,46026,1,1,0,0,0,0,0,0,0,0,0,0,2,0,1,0,0,1,0,1,0,0,0,0,0,0,0,1,2013-6,2013
193,Gesture Phase Segmentation Data Set,9900,Other,50,6/18/2014,No,52373,1,1,0,0,0,0,1,0,0,0,0,0,3,0,1,0,0,1,0,1,0,0,0,0,0,0,1,1,2014-6,2014
194,"USPTO Algorithm Challenge, run by NASA-Harvard Tournament Lab and TopCoder    Problem: Pat Data Set",306,Other,5,10/13/2013,No,33422,0,0,0,1,0,0,0,0,0,0,0,0,1,0,0,1,0,1,0,1,0,0,0,0,0,0,0,1,2013-10,2013
195,Record Linkage Comparison Patterns Data Set,5749132,Other,12,3/10/2011,Yes,80492,1,0,0,0,0,0,0,0,0,0,0,0,1,0,1,0,0,1,0,1,0,0,0,0,0,0,0,1,2011-3,2011
196,Facebook Comment Volume Dataset Data Set,40949,Other,54,3/11/2016,No,93028,1,0,0,0,0,0,0,0,0,0,0,0,1,0,1,1,0,2,0,0,1,0,0,0,0,0,0,2,2016-3,2016
197,QSAR fish toxicity Data Set,908,Physical,7,9/23/2019,No,25505,1,0,0,0,0,0,0,0,0,0,0,0,1,0,1,0,0,1,0,0,1,0,0,0,0,0,0,1,2019-9,2019
198,microblogPCU Data Set,221579,Computer,20,3/17/2015,Yes,49525,1,0,0,0,0,0,1,0,1,0,1,0,3,0,1,1,0,2,1,1,0,0,0,0,0,0,0,2,2015-3,2015
199,ISTANBUL STOCK EXCHANGE Data Set,536,Business,8,6/1/2013,No,136096,1,1,0,0,0,0,0,0,1,0,0,0,3,0,1,0,0,1,0,1,1,0,0,0,0,0,0,1,2013-6,2013
200,Arcene Data Set,900,Life,10000,2/29/2008,No,133134,1,0,0,0,0,0,0,0,0,0,0,0,1,0,1,0,0,1,0,1,0,0,0,0,0,0,0,1,2008-2,2008
201,SkillCraft1 Master Table Dataset Data Set,3395,Game,20,10/22/2013,Yes,63836,1,0,0,0,0,0,0,0,0,0,0,0,1,0,1,1,0,2,0,0,1,0,0,0,0,0,0,2,2013-10,2013
202,Acute Inflammations Data Set,120,Life,6,2/11/2009,No,175129,1,0,0,0,0,0,0,0,0,0,0,0,1,1,0,1,0,2,0,1,0,0,0,0,0,0,0,2,2009-2,2009
203,Movie Data Set,10000,Other,0,7/7/1999,Yes,209087,1,0,0,0,0,1,0,0,0,0,0,0,2,0,0,0,1,1,0,0,0,0,0,0,0,1,0,1,1999-7,1999
204,QSAR oral toxicity Data Set,8992,Physical,1024,10/1/2019,No,6042,1,0,0,0,0,0,0,0,0,0,0,0,1,0,0,0,1,1,0,1,0,0,0,0,0,0,0,1,2019-10,2019
205,Epileptic Seizure Recognition Data Set,11500,Life,179,5/24/2017,No,110617,1,1,0,0,0,0,0,0,0,0,0,0,2,0,1,1,0,2,0,1,0,0,0,0,0,0,1,2,2017-5,2017
206,Dow Jones Index Data Set,750,Business,16,10/23/2014,No,211539,0,1,0,0,0,0,0,0,0,0,0,0,1,0,1,1,0,2,0,1,0,0,0,0,0,0,1,2,2014-10,2014
207,Vertebral Column Data Set,310,Other,6,8/9/2011,No,170386,1,0,0,0,0,0,0,0,0,0,0,0,1,0,1,0,0,1,0,1,0,0,0,0,0,0,0,1,2011-8,2011
209,GNFUV Unmanned Surface Vehicles Sensor Data Set 2 Data Set,10190,Computer,6,9/13/2018,Yes,9780,1,1,0,0,0,0,1,0,0,0,0,0,3,0,1,0,0,1,0,0,1,0,0,0,0,0,0,1,2018-9,2018
210,Ionosphere Data Set,351,Physical,34,1/1/1989,No,231746,1,0,0,0,0,0,0,0,0,0,0,0,1,0,1,1,0,2,0,1,0,0,0,0,0,0,0,2,1989-1,1989
211,UJIIndoorLoc Data Set,21048,Computer,529,9/18/2014,No,97057,1,0,0,0,0,0,0,0,0,0,0,0,1,0,1,1,0,2,0,1,1,0,0,0,0,0,0,2,2014-9,2014
212,Dresses_Attribute_Sales Data Set,501,Computer,13,2/19/2014,Yes,109679,0,0,0,0,0,0,0,0,0,0,1,0,0,0,0,0,1,1,0,1,0,0,0,0,0,0,1,1,2014-2,2014
213,"Taxi Service Trajectory - Prediction Challenge, ECML PKDD 2015 Data Set",1710671,Computer,9,7/11/2015,Yes,81736,1,1,0,1,0,0,1,0,0,0,0,0,4,0,1,0,0,1,1,0,0,0,0,0,0,0,1,1,2015-7,2015
214,IDA2016Challenge Data Set,76000,Computer,171,1/17/2017,Yes,16487,1,0,0,0,0,0,0,0,0,0,0,0,1,0,0,1,0,1,0,1,0,0,0,0,0,0,0,1,2017-1,2017
215,Travel Reviews Data Set,980,Other,11,12/19/2018,No,70477,1,0,0,0,0,0,0,0,0,0,1,0,1,0,1,0,0,1,0,1,0,0,0,0,0,0,1,1,2018-12,2018
216,QSAR Bioconcentration classes dataset Data Set,779,Life,14,10/11/2019,No,5677,1,0,0,0,0,0,0,0,0,0,0,0,1,0,0,0,1,1,0,1,1,0,0,0,0,0,0,1,2019-10,2019
217,Letter Recognition Data Set,20000,Computer,16,1/1/1991,No,391541,1,0,0,0,0,0,0,0,0,0,0,0,1,0,0,1,0,1,0,1,0,0,0,0,0,0,0,1,1991-1,1991
218,Polish companies bankruptcy data Data Set,10503,Business,64,4/11/2016,Yes,104739,1,0,0,0,0,0,0,0,0,0,0,0,1,0,1,0,0,1,0,1,0,0,0,0,0,0,0,1,2016-4,2016
219,Simulated Falls and Daily Living Activities Data Set Data Set,3060,Life,138,6/6/2018,Yes,79305,0,1,0,0,0,0,0,0,0,0,0,0,1,0,0,1,0,1,0,1,0,0,0,0,0,0,0,1,2018-6,2018
220,Behavior of the urban traffic of the city of Sao Paulo in Brazil Data Set,135,Computer,18,12/12/2018,No,46554,1,1,0,0,0,0,0,0,0,0,0,0,2,0,1,1,0,2,0,1,1,0,0,0,0,0,0,2,2018-12,2018
221,Detect Malacious Executable(AntiVirus) Data Set,373,Computer,513,3/3/2016,Yes,256103,1,0,0,0,0,0,0,0,0,0,0,0,1,0,1,0,0,1,0,1,0,0,0,0,0,0,0,1,2016-3,2016
222,Physicochemical Properties of Protein Tertiary Structure Data Set,45730,Life,9,3/31/2013,No,54975,1,0,0,0,0,0,0,0,0,0,0,0,1,0,1,0,0,1,0,0,1,0,0,0,0,0,0,1,2013-3,2013
223,Census-Income (KDD) Data Set,299285,Social,40,3/7/2000,Yes,174212,1,0,0,0,0,0,0,0,0,0,0,0,1,1,0,1,0,2,0,1,0,0,0,0,0,0,0,2,2000-3,2000
224,PM2.5 Data of Five Chinese Cities Data Set,52854,Physical,86,7/18/2017,Yes,83868,1,1,0,0,0,0,0,0,0,0,0,0,2,0,1,1,0,2,0,0,1,0,0,0,0,0,0,2,2017-7,2017
225,seeds Data Set,210,Life,7,9/29/2012,No,307657,1,0,0,0,0,0,0,0,0,0,0,0,1,0,1,0,0,1,0,1,0,0,0,0,0,0,1,1,2012-9,2012
226,Human Activity Recognition from Continuous Ambient Sensor Data Data Set,13956534,Other,37,9/20/2019,Yes,22345,1,1,0,0,0,0,1,0,0,0,0,0,3,0,1,1,0,2,0,1,0,0,0,0,0,0,0,2,2019-9,2019
227,chipseq Data Set,4960,Life,0,2/21/2018,No,20770,0,0,0,0,0,0,1,0,0,0,0,0,1,0,0,1,0,1,0,1,0,0,0,0,0,0,0,1,2018-2,2018
228,Sentence Classification Data Set,0,Other,0,11/5/2014,No,75977,0,0,0,0,0,0,0,0,0,0,1,0,0,0,0,1,0,1,0,1,0,0,0,0,0,0,0,1,2014-11,2014
229,Deepfakes: Medical Image Tamper Detection Data Set,20000,Computer,200000,3/11/2020,No,2160,1,0,0,0,0,0,0,0,0,0,0,0,1,0,1,0,0,1,0,1,0,0,0,0,0,0,0,1,2020-3,2020
230,One-hundred plant species leaves data set Data Set,1600,Life,64,12/3/2012,No,71803,0,0,0,0,0,0,0,0,0,0,0,0,0,0,1,0,0,1,0,1,0,0,0,0,0,0,0,1,2012-12,2012
231,Predict keywords activities in a online social media Data Set,51,Computer,35,12/12/2013,No,45147,1,1,0,0,0,0,1,0,0,0,0,0,3,0,1,1,0,2,0,0,0,0,0,0,0,1,0,2,2013-12,2013
232,Autism Screening Adult Data Set,704,Social,21,12/24/2017,Yes,59277,0,0,0,0,0,0,0,0,0,0,0,0,0,0,0,1,0,1,0,1,0,0,0,0,0,0,0,1,2017-12,2017
233,Thoracic Surgery Data Data Set,470,Life,17,11/13/2013,No,100717,1,0,0,0,0,0,0,0,0,0,0,0,1,0,1,1,0,2,0,1,0,0,0,0,0,0,0,2,2013-11,2013
234,Diabetic Retinopathy Debrecen Data Set Data Set,1151,Life,20,11/3/2014,No,107541,1,0,0,0,0,0,0,0,0,0,0,0,1,0,1,1,0,2,0,1,0,0,0,0,0,0,0,2,2014-11,2014
235,Energy efficiency Data Set,768,Computer,8,11/30/2012,No,306615,1,0,0,0,0,0,0,0,0,0,0,0,1,0,1,1,0,2,0,1,1,0,0,0,0,0,0,2,2012-11,2012
236,BAUM-1 Data Set,1184,Computer,0,11/9/2018,No,15585,0,1,0,0,0,0,0,0,0,0,0,0,1,0,0,0,1,1,0,1,0,0,0,0,0,0,0,1,2018-11,2018
237,Breast Cancer Data Set,286,Life,9,7/11/1988,Yes,483461,1,0,0,0,0,0,0,0,0,0,0,0,1,1,0,0,0,1,0,1,0,0,0,0,0,0,0,1,1988-7,1988
238,Cuff-Less Blood Pressure Estimation Data Set,12000,Life,3,7/27/2015,Yes,114087,1,0,0,0,0,0,0,0,0,0,0,0,1,0,1,0,0,1,0,1,1,0,0,0,0,0,0,1,2015-7,2015
239,Sports articles for objectivity analysis Data Set,1000,Social,59,4/9/2018,No,34490,1,0,0,0,0,0,0,0,0,0,1,0,1,0,0,1,0,1,0,1,0,0,0,0,0,0,0,1,2018-4,2018
240,Tennis Major Tournament Match Statistics Data Set,127,Other,42,6/1/2014,Yes,100483,1,0,0,0,0,0,0,0,0,0,0,0,1,0,1,1,0,2,0,1,1,0,0,0,0,0,1,2,2014-6,2014
241,Internet Usage Data Data Set,10104,Computer,72,6/30/1999,No,115756,1,0,0,0,0,0,0,0,0,0,0,0,1,1,0,1,0,2,0,0,0,0,0,0,0,1,0,2,1999-6,1999
242,Qualitative_Bankruptcy Data Set,250,Computer,7,2/9/2014,No,80820,1,0,0,0,0,0,0,0,0,0,0,0,1,0,0,0,1,1,0,1,0,0,0,0,0,0,0,1,2014-2,2014
243,Activity recognition with healthy older people using a batteryless wearable sensor Data Set,75128,Life,9,12/12/2016,No,34214,0,0,0,0,0,0,1,0,0,0,0,0,1,0,1,0,0,1,0,1,0,0,0,0,0,0,0,1,2016-12,2016
244,WISDM Smartphone and Smartwatch Activity and Biometrics Dataset  Data Set,15630426,Computer,6,10/6/2019,No,55928,1,1,0,0,0,0,0,0,0,0,0,0,2,0,1,0,0,1,0,1,0,0,0,0,0,0,0,1,2019-10,2019
245,Condition monitoring of hydraulic systems Data Set,2205,Computer,43680,4/26/2018,No,50265,1,1,0,0,0,0,0,0,0,0,0,0,2,0,1,0,0,1,0,1,1,0,0,0,0,0,0,1,2018-4,2018
246,M. Tuberculosis Genes Data Set,0,Life,0,7/14/2001,No,37898,0,0,0,0,0,1,0,0,0,0,0,0,1,0,0,0,1,1,0,0,0,0,0,0,0,1,0,1,2001-7,2001
247,Exasens Data Set,399,Life,4,4/22/2020,Yes,2686,1,0,0,0,0,0,0,0,0,0,0,0,1,0,0,1,0,1,0,1,0,0,0,0,0,0,1,1,2020-4,2020
248,Leaf Data Set,340,Computer,16,2/24/2014,No,125370,1,0,0,0,0,0,0,0,0,0,0,0,1,0,1,0,0,1,0,1,0,0,0,0,0,0,0,1,2014-2,2014
249,YearPredictionMSD Data Set,515345,Other,90,2/7/2011,No,177558,1,0,0,0,0,0,0,0,0,0,0,0,1,0,1,0,0,1,0,0,1,0,0,0,0,0,0,1,2011-2,2011
250,Weight Lifting Exercises monitored with Inertial Measurement Units Data Set,39242,Physical,152,11/24/2013,Yes,44682,1,0,0,0,0,0,0,0,0,0,0,0,1,0,1,0,0,1,0,1,0,0,0,0,0,0,0,1,2013-11,2013
251,Educational Process Mining (EPM): A Learning Analytics Data Set Data Set,230318,Computer,13,9/24/2015,No,99191,1,1,0,0,0,0,1,0,0,0,0,0,3,0,0,1,0,1,0,1,1,0,0,0,0,0,1,1,2015-9,2015
252,Dynamic Features of VirusShare Executables Data Set,107888,Computer,482,11/29/2017,No,29847,1,1,0,0,0,0,0,0,0,0,0,0,2,0,0,1,0,1,0,1,1,0,0,0,0,0,0,1,2017-11,2017
253,El Nino Data Set,178080,Physical,12,6/30/1999,Yes,99495,0,0,0,0,0,0,0,0,0,1,0,0,1,0,1,1,0,2,0,0,0,0,0,0,0,1,0,2,1999-6,1999
254,Z-Alizadeh Sani Data Set,303,Life,56,11/17/2017,No,21616,0,0,0,0,0,0,0,0,0,0,0,0,0,0,1,1,0,2,0,1,0,0,0,0,0,0,0,2,2017-11,2017
255,Concrete Compressive Strength Data Set,1030,Physical,9,8/3/2007,No,206112,1,0,0,0,0,0,0,0,0,0,0,0,1,0,1,0,0,1,0,0,1,0,0,0,0,0,0,1,2007-8,2007
256,ElectricityLoadDiagrams20112014 Data Set,370,Computer,140256,3/13/2015,No,73895,0,1,0,0,0,0,0,0,0,0,0,0,1,0,1,0,0,1,0,0,1,0,0,0,0,0,1,1,2015-3,2015
257,Real estate valuation data set Data Set,414,Business,7,8/18/2018,No,72976,1,0,0,0,0,0,0,0,0,0,0,0,1,0,1,1,0,2,0,0,1,0,0,0,0,0,0,2,2018-8,2018
258,NoisyOffice Data Set,216,Computer,216,1/3/2015,No,66866,1,0,0,0,0,0,0,0,0,0,0,0,1,0,1,0,0,1,0,1,1,0,0,0,0,0,0,1,2015-1,2015
259,YouTube Comedy Slam Preference Data Data Set,1138562,Computer,3,4/10/2012,No,92322,0,0,0,0,0,0,0,0,0,0,1,0,0,0,0,0,1,1,0,1,0,0,0,0,0,0,0,1,2012-4,2012
260,Bank Marketing Data Set,45211,Business,17,2/14/2012,No,1238325,1,0,0,0,0,0,0,0,0,0,0,0,1,0,1,0,0,1,0,1,0,0,0,0,0,0,0,1,2012-2,2012
261,A study of  Asian Religious and Biblical Texts Data Set,590,Social,8265,12/24/2019,No,16938,1,0,0,0,0,0,0,0,0,0,1,0,1,0,0,1,0,1,0,1,0,0,0,0,0,0,1,1,2019-12,2019
263,Ozone Level Detection Data Set,2536,Physical,73,4/21/2008,Yes,138784,1,1,0,0,0,0,1,0,0,0,0,0,3,0,1,0,0,1,0,1,0,0,0,0,0,0,0,1,2008-4,2008
264,YouTube Multiview Video Games Dataset Data Set,120000,Computer,1000000,10/16/2013,Yes,128065,1,0,0,0,0,0,0,0,0,0,1,0,1,0,1,1,0,2,0,1,0,0,0,0,0,0,1,2,2013-10,2013
265,QSAR biodegradation Data Set,1055,Other,41,6/21/2013,No,47400,1,0,0,0,0,0,0,0,0,0,0,0,1,0,1,1,0,2,0,1,0,0,0,0,0,0,0,2,2013-6,2013
266,Cargo 2000 Freight Tracking and Tracing Data Set,3942,Business,98,11/3/2016,Yes,42627,1,0,0,0,0,0,1,0,0,0,0,0,2,0,0,1,0,1,0,1,1,0,0,0,0,0,0,1,2016-11,2016
267,CSM (Conventional and Social Media Movies) Dataset 2014 and 2015 Data Set,217,Computer,12,10/11/2017,Yes,30471,1,0,0,0,0,0,0,0,0,0,0,0,1,0,0,1,0,1,0,1,1,0,0,0,0,0,0,1,2017-10,2017
268,Twitter Data set for Arabic Sentiment Analysis Data Set,2000,Social,2,4/11/2014,No,90919,0,0,0,0,0,0,0,0,0,0,1,0,0,0,0,0,1,1,0,1,0,0,0,0,0,0,0,1,2014-4,2014
269,Soybean (Large) Data Set,307,Life,35,7/11/1988,Yes,127503,1,0,0,0,0,0,0,0,0,0,0,0,1,1,0,0,0,1,0,1,0,0,0,0,0,0,0,1,1988-7,1988
270,Activity Recognition from Single Chest-Mounted Accelerometer Data Set,0,Other,0,3/2/2014,No,110972,0,1,0,0,0,0,1,0,1,0,0,0,3,0,1,0,0,1,0,1,0,0,0,0,0,0,1,1,2014-3,2014
271,Trains Data Set,10,Other,32,6/24/1994,No,154933,1,0,0,0,0,0,0,0,0,0,0,0,1,1,0,0,0,1,0,1,0,0,0,0,0,0,0,1,1994-6,1994
272,Connect-4 Data Set,67557,Game,42,2/4/1995,No,162184,1,0,0,0,0,0,0,1,0,0,0,0,2,1,0,0,0,1,0,1,0,0,0,0,0,0,0,1,1995-2,1995
273,Audiology (Standardized) Data Set,226,Life,69,8/18/1992,Yes,105605,1,0,0,0,0,0,0,0,0,0,0,0,1,1,0,0,0,1,0,1,0,0,0,0,0,0,0,1,1992-8,1992
274,Diabetes 130-US hospitals for years 1999-2008 Data Set,100000,Life,55,5/3/2014,Yes,313855,1,0,0,0,0,0,0,0,0,0,0,0,1,0,0,1,0,1,0,1,0,0,0,0,0,0,1,1,2014-5,2014
275,Balance Scale Data Set,625,Social,4,4/22/1994,No,255105,1,0,0,0,0,0,0,0,0,0,0,0,1,1,0,0,0,1,0,1,0,0,0,0,0,0,0,1,1994-4,1994
276,Stock portfolio performance Data Set,315,Business,12,4/22/2016,No,64432,1,0,0,0,0,0,0,0,0,0,0,0,1,0,1,0,0,1,0,0,1,0,0,0,0,0,0,1,2016-4,2016
277,OPPORTUNITY Activity Recognition Data Set,2551,Computer,242,6/9/2012,Yes,98464,1,1,0,0,0,0,0,0,0,0,0,0,2,0,1,0,0,1,0,1,0,0,0,0,0,0,0,1,2012-6,2012
278,Wearable Computing: Classification of Body Postures and Movements (PUC-Rio) Data Set,165632,Computer,18,4/9/2013,No,58904,0,0,0,0,0,0,1,0,0,0,0,0,1,0,1,1,0,2,0,1,0,0,0,0,0,0,0,2,2013-4,2013
279,UJIIndoorLoc-Mag Data Set,40000,Computer,13,9/10/2015,No,42843,1,1,0,0,0,0,1,0,0,0,0,0,3,0,1,1,0,2,0,1,1,0,0,0,0,0,1,2,2015-9,2015
280,Pseudo Periodic Synthetic Time Series Data Set,100000,Other,0,2/8/1999,No,45606,0,1,0,0,0,0,0,0,1,0,0,0,2,0,0,0,1,1,0,0,0,0,0,0,0,1,0,1,1999-2,1999
281,Lymphography Data Set,148,Life,18,11/1/1988,No,89642,1,0,0,0,0,0,0,0,0,0,0,0,1,1,0,0,0,1,0,1,0,0,0,0,0,0,0,1,1988-11,1988
282,Multimodal Damage Identification for Humanitarian Computing Data Set,5879,Social,0,6/1/2018,No,11981,1,0,0,0,0,0,0,0,0,0,1,0,1,0,0,1,0,1,0,1,0,0,0,0,0,0,0,1,2018-6,2018
284,Perfume Data Data Set,560,Computer,2,7/22/2014,No,141055,0,0,0,1,0,0,0,0,1,0,0,0,2,0,0,1,0,1,0,1,0,0,0,0,0,0,1,1,2014-7,2014
285,seismic-bumps Data Set,2584,Other,19,4/3/2013,No,65730,1,0,0,0,0,0,0,0,0,0,0,0,1,0,1,0,0,1,0,1,0,0,0,0,0,0,0,1,2013-4,2013
286,Cervical cancer (Risk Factors) Data Set,858,Life,36,3/3/2017,Yes,122086,1,0,0,0,0,0,0,0,0,0,0,0,1,0,1,1,0,2,0,1,0,0,0,0,0,0,0,2,2017-3,2017
287,DeliciousMIL: A Data Set for Multi-Label Multi-Instance Learning with Instance Labels Data Set,12234,Computer,8519,10/27/2016,No,17999,0,0,0,0,0,0,0,0,0,0,1,0,0,0,0,1,0,1,0,1,0,0,0,0,0,0,0,1,2016-10,2016
288,Data for Software Engineering Teamwork Assessment in Education Setting Data Set,74,Computer,102,6/29/2017,Yes,34643,0,1,0,0,0,0,1,0,0,0,0,0,2,0,1,1,0,2,0,1,0,0,0,0,0,0,0,2,2017-6,2017
289,MicroMass Data Set,931,Life,1300,8/12/2013,No,47083,1,0,0,0,0,0,0,0,0,0,0,0,1,0,1,0,0,1,0,1,0,0,0,0,0,0,0,1,2013-8,2013
291,MEU-Mobile KSD Data Set,2856,Computer,71,5/14/2016,No,12518,1,0,0,0,0,0,0,0,0,0,0,0,1,0,1,1,0,2,0,1,0,0,0,0,0,0,0,2,2016-5,2016
292,Vicon Physical Action Data Set Data Set,3000,Physical,27,7/27/2011,No,52601,0,1,0,0,0,0,0,0,0,0,0,0,1,0,1,0,0,1,0,1,0,0,0,0,0,0,0,1,2011-7,2011
293,Dodgers Loop Sensor Data Set,50400,Other,3,12/1/2006,Yes,74324,1,1,0,0,0,0,0,0,0,0,0,0,2,1,0,1,0,2,0,0,0,0,0,0,0,1,0,2,2006-12,2006
295,Character Font Images Data Set,745000,Computer,411,8/14/2016,No,33009,1,0,0,0,0,0,0,0,0,0,0,0,1,0,1,1,0,2,0,1,0,0,0,0,0,0,0,2,2016-8,2016
296,Japanese Credit Screening Data Set,125,Financial,0,3/19/1992,No,107379,1,0,0,1,0,0,0,0,0,0,0,0,2,1,1,1,0,3,0,1,0,0,0,0,0,0,0,3,1992-3,1992
297,Forest type mapping Data Set,326,Life,27,5/25/2015,No,58991,1,0,0,0,0,0,0,0,0,0,0,0,1,0,0,0,1,1,0,1,0,0,0,0,0,0,0,1,2015-5,2015
298,Dexter Data Set,2600,Other,20000,2/29/2008,No,103395,1,0,0,0,0,0,0,0,0,0,0,0,1,0,0,1,0,1,0,1,0,0,0,0,0,0,0,1,2008-2,2008
300,E. Coli Genes Data Set,0,Life,0,7/14/2001,Yes,48095,0,0,0,0,0,1,0,0,0,0,0,0,1,0,0,0,1,1,0,0,0,0,0,0,0,1,0,1,2001-7,2001
301,SPECTF Heart Data Set,267,Life,44,10/1/2001,No,93748,1,0,0,0,0,0,0,0,0,0,0,0,1,0,0,1,0,1,0,1,0,0,0,0,0,0,0,1,2001-10,2001
302,LSVT Voice Rehabilitation Data Set,126,Life,309,2/19/2014,No,34377,1,0,0,0,0,0,0,0,0,0,0,0,1,0,1,0,0,1,0,1,0,0,0,0,0,0,0,1,2014-2,2014
303,Student Academics Performance Data Set,300,Computer,22,9/16/2018,No,64126,1,0,0,0,0,0,0,0,0,0,0,0,1,0,0,0,1,1,0,1,0,0,0,0,0,0,0,1,2018-9,2018
304,2.4 GHZ Indoor Channel Measurements Data Set,7840,Computer,5,11/30/2018,No,57409,1,0,0,0,0,0,0,0,0,0,0,0,1,0,1,0,0,1,0,1,0,0,0,0,0,0,0,1,2018-11,2018
305,Occupancy Detection  Data Set,20560,Computer,7,2/29/2016,No,141182,1,1,0,0,0,0,0,0,0,0,0,0,2,0,1,0,0,1,0,1,0,0,0,0,0,0,0,1,2016-2,2016
306,Wine Quality Data Set,4898,Business,12,10/7/2009,No,1267393,1,0,0,0,0,0,0,0,0,0,0,0,1,0,1,0,0,1,0,1,1,0,0,0,0,0,0,1,2009-10,2009
307,Solar Flare Data Set,1389,Physical,10,3/1/1989,No,149151,1,0,0,0,0,0,0,0,0,0,0,0,1,1,0,0,0,1,0,0,1,0,0,0,0,0,0,1,1989-3,1989
308,Page Blocks Classification Data Set,5473,Computer,10,7/1/1995,No,97928,1,0,0,0,0,0,0,0,0,0,0,0,1,0,1,1,0,2,0,1,0,0,0,0,0,0,0,2,1995-7,1995
309,Geographical Original of Music Data Set,1059,Other,68,10/18/2014,No,86578,1,0,0,0,0,0,0,0,0,0,0,0,1,0,1,0,0,1,0,1,1,0,0,0,0,0,0,1,2014-10,2014
310,Autistic Spectrum Disorder Screening Data for Adolescent    Data Set,104,Life,21,12/24/2017,Yes,30147,1,0,0,0,0,0,0,0,0,0,0,0,1,0,0,1,0,1,0,1,0,0,0,0,0,0,0,1,2017-12,2017
311,Horse Colic Data Set,368,Life,27,8/6/1989,Yes,147494,1,0,0,0,0,0,0,0,0,0,0,0,1,1,1,1,0,3,0,1,0,0,0,0,0,0,0,3,1989-8,1989
312,Motion Capture Hand Postures Data Set,78095,Computer,38,1/27/2017,Yes,29244,1,0,0,0,0,0,0,0,0,0,0,0,1,0,1,0,0,1,0,1,0,0,0,0,0,0,1,1,2017-1,2017
314,Gas sensor array exposed to turbulent gas mixtures Data Set,180,Computer,150000,10/10/2014,No,41327,1,1,0,0,0,0,0,0,0,0,0,0,2,0,1,0,0,1,0,1,1,0,0,0,0,0,0,1,2014-10,2014
315,Mturk User-Perceived Clusters over Images Data Set,180,Computer,500,11/2/2016,No,8734,1,0,0,0,0,0,0,0,0,0,1,0,1,0,0,1,0,1,0,0,0,0,0,0,0,0,1,1,2016-11,2016
316,Pioneer-1 Mobile Robot Data Data Set,0,Computer,0,1/28/1999,No,39123,1,1,0,0,0,0,0,0,0,0,0,0,2,1,1,0,0,2,0,0,0,0,0,0,0,1,0,2,1999-1,1999
317,Health News in Twitter Data Set,58000,Computer,25000,2/19/2018,No,48814,0,0,0,0,0,0,0,0,0,0,1,0,0,0,1,0,0,1,0,0,0,0,0,0,0,0,1,1,2018-2,2018
319,Quality Assessment of Digital Colposcopies Data Set,287,Life,69,3/8/2017,No,19579,1,0,0,0,0,0,0,0,0,0,0,0,1,0,1,0,0,1,0,1,0,0,0,0,0,0,0,1,2017-3,2017
320,Artificial Characters Data Set,6000,Computer,7,7/1/1992,No,245703,1,0,0,0,0,0,0,0,0,0,0,0,1,1,1,1,0,3,0,1,0,0,0,0,0,0,0,3,1992-7,1992
321,Robot Execution Failures Data Set,463,Physical,90,4/23/1999,No,101354,1,1,0,0,0,0,0,0,0,0,0,0,2,0,0,1,0,1,0,1,0,0,0,0,0,0,0,1,1999-4,1999
322,Dota2 Games Results Data Set,102944,Game,116,8/14/2016,No,99610,1,0,0,0,0,0,0,0,0,0,0,0,1,0,0,0,1,1,0,1,0,0,0,0,0,0,0,1,2016-8,2016
323,Optical Interconnection Network  Data Set,640,Computer,10,3/29/2018,No,25363,1,0,0,0,0,0,0,0,0,0,0,0,1,0,1,1,0,2,0,1,1,0,0,0,0,0,0,2,2018-3,2018
324,KASANDR Data Set,17764280,Life,2158859,5/16/2017,No,33836,1,0,0,0,0,0,0,0,0,0,0,0,1,0,0,1,0,1,1,0,0,0,0,0,0,0,0,1,2017-5,2017
325,Wine Data Set,178,Physical,13,7/1/1991,No,1452842,1,0,0,0,0,0,0,0,0,0,0,0,1,0,1,1,0,2,0,1,0,0,0,0,0,0,0,2,1991-7,1991
327,KDD Cup 1998 Data Data Set,191779,Other,481,7/20/1998,Yes,78103,1,0,0,0,0,0,0,0,0,0,0,0,1,1,0,1,0,2,0,0,1,0,0,0,0,0,0,2,1998-7,1998
328,EMG dataset in Lower Limb Data Set,132,Computer,5,2/5/2014,No,49428,1,1,0,0,0,0,0,0,0,0,0,0,2,0,1,0,0,1,0,0,0,0,0,0,0,1,0,1,2014-2,2014
329,Cryotherapy Dataset  Data Set,90,Life,7,1/4/2018,No,42897,0,0,0,0,0,0,0,0,1,0,0,0,1,0,1,1,0,2,0,1,0,0,0,0,0,0,0,2,2018-1,2018
330,SMS Spam Collection Data Set,5574,Computer,0,6/22/2012,No,310824,1,0,0,1,0,0,0,0,0,0,1,0,2,0,1,0,0,1,0,1,0,0,0,0,0,0,1,1,2012-6,2012
331,Greenhouse Gas Observing Network Data Set,2921,Physical,5232,4/16/2015,No,56093,1,1,0,0,0,0,0,0,0,0,0,0,2,0,1,0,0,1,0,0,1,0,0,0,0,0,0,1,2015-4,2015
332,Las Vegas Strip Data Set,504,Business,20,7/23/2017,No,93577,0,0,0,0,0,0,0,0,0,0,0,0,0,0,0,1,0,1,0,1,1,0,0,0,0,0,0,1,2017-7,2017
333,Liver Disorders Data Set,345,Life,7,5/15/1990,No,179051,1,0,0,0,0,0,0,0,0,0,0,0,1,1,1,1,0,3,0,0,0,0,0,0,0,1,0,3,1990-5,1990
334,Pen-Based Recognition of Handwritten Digits Data Set,10992,Computer,16,7/1/1998,No,226756,1,0,0,0,0,0,0,0,0,0,0,0,1,0,0,1,0,1,0,1,0,0,0,0,0,0,0,1,1998-7,1998
335,gene expression cancer RNA-Seq Data Set,801,Life,20531,6/9/2016,No,59319,1,0,0,0,0,0,0,0,0,0,0,0,1,0,1,0,0,1,0,1,0,0,0,0,0,0,1,1,2016-6,2016
336,TV News Channel Commercial Detection Dataset Data Set,129685,Computer,12,3/27/2015,No,72227,1,0,0,0,0,0,0,0,0,0,0,0,1,0,1,0,0,1,0,1,0,0,0,0,0,0,1,1,2015-3,2015
337,QSAR aquatic toxicity Data Set,546,Physical,9,9/23/2019,No,14204,1,0,0,0,0,0,0,0,0,0,0,0,1,0,1,0,0,1,0,0,1,0,0,0,0,0,0,1,2019-9,2019
338,Abalone Data Set,4177,Life,8,12/1/1995,No,956229,1,0,0,0,0,0,0,0,0,0,0,0,1,1,1,1,0,3,0,1,0,0,0,0,0,0,0,3,1995-12,1995
340,Shoulder Implant X-Ray Manufacturer Classification Data Set,597,Life,1,5/20/2020,No,1843,1,0,0,0,0,0,0,0,0,0,0,0,1,0,1,0,0,1,0,1,0,0,0,0,0,0,0,1,2020-5,2020
341,Steel Plates Faults Data Set,1941,Physical,27,10/26/2010,No,81708,1,0,0,0,0,0,0,0,0,0,0,0,1,0,1,1,0,2,0,1,0,0,0,0,0,0,0,2,2010-10,2010
342,Sales_Transactions_Dataset_Weekly Data Set,811,Other,53,7/16/2017,No,69649,1,1,0,0,0,0,0,0,0,0,0,0,2,0,1,1,0,2,0,0,0,0,0,0,0,0,1,2,2017-7,2017
343,Physical Unclonable Functions Data Set,6000000,Computer,129,10/8/2018,No,15457,1,0,0,0,0,0,0,0,0,0,0,0,1,0,0,1,0,1,0,1,0,0,0,0,0,0,0,1,2018-10,2018
345,EEG Eye State Data Set,14980,Life,15,6/10/2013,No,121008,1,1,0,0,0,0,1,0,0,0,0,0,3,0,1,1,0,2,0,1,0,0,0,0,0,0,0,2,2013-6,2013
346,Hayes-Roth Data Set,160,Social,5,3/1/1989,No,101315,1,0,0,0,0,0,0,0,0,0,0,0,1,1,0,0,0,1,0,1,0,0,0,0,0,0,0,1,1989-3,1989
347,Daphnet Freezing of Gait Data Set,237,Life,9,3/7/2013,No,70595,1,1,0,0,0,0,0,0,0,0,0,0,2,0,1,0,0,1,0,1,0,0,0,0,0,0,0,1,2013-3,2013
348,SML2010 Data Set,4137,Computer,24,1/9/2014,Yes,127384,1,1,0,0,0,0,1,0,0,0,1,0,3,0,1,0,0,1,0,0,1,0,0,0,0,0,0,1,2014-1,2014
349,SECOM Data Set,1567,Computer,591,11/19/2008,Yes,121270,1,0,0,0,0,0,0,0,0,0,0,0,1,0,1,0,0,1,1,1,0,0,0,0,0,0,0,1,2008-11,2008
350,Parkinson's Disease Classification Data Set,756,Computer,754,11/5/2018,No,60392,1,0,0,0,0,0,0,0,0,0,0,0,1,0,1,1,0,2,0,1,0,0,0,0,0,0,0,2,2018-11,2018
351,Thyroid Disease Data Set,7200,Life,21,1/1/1987,No,237967,1,0,0,1,0,0,0,0,0,0,0,0,2,1,1,0,0,2,0,1,0,0,0,0,0,0,0,2,1987-1,1987
352,Swarm Behaviour Data Set,24017,Computer,2400,6/16/2020,No,2088,1,0,0,0,0,0,0,0,0,0,0,0,1,0,1,0,0,1,0,1,0,0,0,0,0,0,0,1,2020-6,2020
353,DBWorld e-mails Data Set,64,Computer,4702,11/6/2011,No,58279,0,0,0,0,0,0,0,0,0,0,1,0,0,0,0,0,1,1,0,1,0,0,0,0,0,0,0,1,2011-11,2011
354,Speaker Accent Recognition Data Set,329,Social,12,3/4/2020,No,2976,1,0,0,0,0,0,0,0,0,0,0,0,1,0,1,0,0,1,0,1,0,0,0,0,0,0,0,1,2020-3,2020
355,Concrete Slump Test Data Set,103,Computer,10,4/30/2009,No,99926,1,0,0,0,0,0,0,0,0,0,0,0,1,0,1,0,0,1,0,0,1,0,0,0,0,0,0,1,2009-4,2009
356,Wholesale customers Data Set,440,Business,8,3/31/2014,No,344519,1,0,0,0,0,0,0,0,0,0,0,0,1,0,0,1,0,1,0,1,0,0,0,0,0,0,1,1,2014-3,2014
357,Meta-data Data Set,528,Other,22,3/1/1996,Yes,74679,1,0,0,0,0,0,0,0,0,0,0,0,1,1,1,1,0,3,0,1,0,0,0,0,0,0,0,3,1996-3,1996
358,Dataset for Sensorless Drive Diagnosis Data Set,58509,Computer,49,2/24/2015,No,72240,1,0,0,0,0,0,0,0,0,0,0,0,1,0,1,0,0,1,0,1,0,0,0,0,0,0,0,1,2015-2,2015
359,Servo Data Set,167,Computer,4,5/1/1993,No,106815,1,0,0,0,0,0,0,0,0,0,0,0,1,1,0,1,0,2,0,0,1,0,0,0,0,0,0,2,1993-5,1993
360,GNFUV Unmanned Surface Vehicles Sensor Data Data Set,1672,Computer,5,5/6/2018,No,21198,1,1,0,0,0,0,0,0,0,0,0,0,2,0,1,0,0,1,0,0,1,0,0,0,0,0,0,1,2018-5,2018
361,SUSY Data Set,5000000,Physical,18,2/12/2014,No,70007,0,0,0,0,0,0,0,0,0,0,0,0,0,0,1,0,0,1,0,1,0,0,0,0,0,0,0,1,2014-2,2014
362,DSRC Vehicle Communications Data Set,10000,Computer,5,12/13/2017,No,30235,0,0,0,0,0,0,1,0,0,0,1,0,1,0,1,0,0,1,0,0,0,0,0,0,0,0,1,1,2017-12,2017
363,BuddyMove Data Set Data Set,249,Other,7,7/1/2018,No,27033,1,0,0,0,0,0,0,0,0,0,1,0,1,0,1,0,0,1,0,1,0,0,0,0,0,0,1,1,2018-7,2018
364,Flags Data Set,194,Other,30,5/15/1990,No,302025,1,0,0,0,0,0,0,0,0,0,0,0,1,1,0,1,0,2,0,1,0,0,0,0,0,0,0,2,1990-5,1990
365,Crowdsourced Mapping Data Set,10546,Physical,29,5/25/2016,No,22460,1,0,0,0,0,0,0,0,0,0,0,0,1,0,0,0,1,1,0,1,0,0,0,0,0,0,0,1,2016-5,2016
366,Caesarian Section Classification Dataset Data Set,80,Life,5,11/2/2018,No,37493,0,0,0,0,0,0,0,0,1,0,0,0,1,0,0,1,0,1,0,1,0,0,0,0,0,0,0,1,2018-11,2018
367,Yeast Data Set,1484,Life,8,9/1/1996,No,307503,1,0,0,0,0,0,0,0,0,0,0,0,1,0,1,0,0,1,0,1,0,0,0,0,0,0,0,1,1996-9,1996
368,Sentiment Labelled Sentences Data Set,3000,Other,0,5/30/2015,No,174051,0,0,0,0,0,0,0,0,0,0,1,0,0,0,0,0,1,1,0,1,0,0,0,0,0,0,0,1,2015-5,2015
369,Bar Crawl: Detecting Heavy Drinking Data Set,14057567,Life,3,2/24/2020,No,48361,1,1,0,0,0,0,0,0,0,0,0,0,2,0,1,0,0,1,0,1,1,0,0,0,0,0,0,1,2020-2,2020
370,Moral Reasoner Data Set,202,Computer,0,6/1/1994,No,39876,0,0,0,1,0,0,0,0,0,0,0,0,1,0,0,0,1,1,0,0,0,0,0,0,0,1,0,1,1994-6,1994
371,Tic-Tac-Toe Endgame Data Set,958,Game,9,8/19/1991,No,242052,1,0,0,0,0,0,0,0,0,0,0,0,1,1,0,0,0,1,0,1,0,0,0,0,0,0,0,1,1991-8,1991
372,SIFT10M Data Set,11164866,Computer,128,2/23/2016,No,32020,1,0,0,0,0,0,0,0,0,0,0,0,1,0,0,1,0,1,1,0,0,0,0,0,0,0,0,1,2016-2,2016
373,QSAR androgen receptor Data Set,1687,Physical,1024,10/1/2019,No,3269,1,0,0,0,0,0,0,0,0,0,0,0,1,0,0,0,1,1,0,1,0,0,0,0,0,0,0,1,2019-10,2019
374,Parking Birmingham Data Set,35717,Computer,4,1/2/2019,Yes,49113,1,1,0,0,0,0,1,0,1,0,0,0,4,0,1,0,0,1,0,1,1,0,0,0,0,0,1,1,2019-1,2019
375,Othello Domain Theory Data Set,0,Game,0,2/1/1991,No,27891,0,0,0,1,0,0,0,0,0,0,0,0,1,0,0,0,1,1,0,0,0,0,0,0,0,1,0,1,1991-2,1991
376,Spambase Data Set,4601,Computer,57,7/1/1999,Yes,516387,1,0,0,0,0,0,0,0,0,0,0,0,1,0,1,1,0,2,0,1,0,0,0,0,0,0,0,2,1999-7,1999
377,MEx Data Set,6262,Computer,710,9/20/2019,No,12006,0,1,0,0,0,0,0,0,0,0,0,0,1,0,1,0,0,1,0,1,0,0,0,0,0,0,1,1,2019-9,2019
378,Student Performance Data Set,649,Social,33,11/27/2014,No,731076,1,0,0,0,0,0,0,0,0,0,0,0,1,0,0,1,0,1,0,1,1,0,0,0,0,0,0,1,2014-11,2014
379,GPS Trajectories Data Set,163,Computer,15,2/29/2016,Yes,107769,1,0,0,0,0,0,0,0,0,0,0,0,1,0,1,0,0,1,0,1,1,0,0,0,0,0,0,1,2016-2,2016
381,Beijing Multi-Site Air-Quality Data Data Set,420768,Physical,18,9/20/2019,Yes,42181,1,1,0,0,0,0,0,0,0,0,0,0,2,0,1,1,0,2,0,0,1,0,0,0,0,0,0,2,2019-9,2019
382,Beijing PM2.5 Data Data Set,43824,Physical,13,1/19/2017,Yes,174548,1,1,0,0,0,0,0,0,0,0,0,0,2,0,1,1,0,2,0,0,1,0,0,0,0,0,0,2,2017-1,2017
383,Covertype Data Set,581012,Life,54,8/1/1998,No,284734,1,0,0,0,0,0,0,0,0,0,0,0,1,1,0,1,0,2,0,1,0,0,0,0,0,0,0,2,1998-8,1998
384,Waveform Database Generator (Version 1) Data Set,5000,Physical,21,11/10/1988,No,74614,1,0,1,0,0,0,0,0,0,0,0,0,2,0,1,0,0,1,0,1,0,0,0,0,0,0,0,1,1988-11,1988
385,Lung Cancer Data Set,32,Life,56,5/1/1992,Yes,302768,1,0,0,0,0,0,0,0,0,0,0,0,1,0,0,1,0,1,0,1,0,0,0,0,0,0,0,1,1992-5,1992
386,Wave Energy Converters Data Set,288000,Computer,49,6/30/2019,Yes,17675,1,0,0,0,0,0,0,0,0,0,0,0,1,0,1,0,0,1,0,0,1,0,0,0,0,0,0,1,2019-6,2019
387,EMG Physical Action Data Set Data Set,10000,Physical,8,7/27/2011,No,86140,0,1,0,0,0,0,0,0,0,0,0,0,1,0,1,0,0,1,0,1,0,0,0,0,0,0,0,1,2011-7,2011
388,p53 Mutants Data Set,16772,Life,5409,2/9/2010,Yes,79410,1,0,0,0,0,0,0,0,0,0,0,0,1,0,1,0,0,1,0,1,0,0,0,0,0,0,0,1,2010-2,2010
389,Phishing Websites Data Set,2456,Computer Security,30,3/26/2015,No,145660,0,0,0,0,0,0,0,0,0,0,0,0,0,0,0,1,0,1,0,1,0,0,0,0,0,0,0,1,2015-3,2015
390,Incident management process enriched event log Data Set,141712,Business,36,7/14/2019,Yes,21060,1,0,0,0,0,0,1,0,0,0,0,0,2,0,0,1,0,1,0,0,1,0,0,0,0,0,1,1,2019-7,2019
391,Planning Relax Data Set,182,Computer,13,7/17/2012,No,59224,0,0,0,0,0,0,0,0,1,0,0,0,1,0,1,0,0,1,0,1,0,0,0,0,0,0,0,1,2012-7,2012
392,Heart failure clinical records Data Set,299,Life,13,2/5/2020,No,8666,1,0,0,0,0,0,0,0,0,0,0,0,1,0,1,1,0,2,0,1,1,0,0,0,0,0,1,2,2020-2,2020
393,South German Credit Data Set,1000,Business,21,11/29/2019,No,2345,1,0,0,0,0,0,0,0,0,0,0,0,1,0,1,1,0,2,0,1,1,0,0,0,0,0,1,2,2019-11,2019
394,Soybean (Small) Data Set,47,Life,35,1/1/1987,No,101965,1,0,0,0,0,0,0,0,0,0,0,0,1,1,0,0,0,1,0,1,0,0,0,0,0,0,0,1,1987-1,1987
395,Statlog (German Credit Data) Data Set,1000,Financial,20,11/17/1994,No,625844,1,0,0,0,0,0,0,0,0,0,0,0,1,1,0,1,0,2,0,1,0,0,0,0,0,0,0,2,1994-11,1994
396,Northix Data Set,115,Computer,200,8/15/2012,No,38211,1,0,0,0,0,0,0,0,1,0,1,0,2,0,1,1,0,2,0,1,0,0,0,0,0,0,0,2,2012-8,2012
397,UbiqLog (smartphone lifelogging) Data Set,9782222,Computer,0,6/16/2016,No,30464,1,0,0,0,0,0,0,0,0,0,0,0,1,0,0,0,1,1,1,0,0,0,0,0,0,0,0,1,2016-6,2016
398,Echocardiogram Data Set,132,Life,12,2/28/1989,Yes,185027,1,0,0,0,0,0,0,0,0,0,0,0,1,1,1,1,0,3,0,1,0,0,0,0,0,0,0,3,1989-2,1989
399,Internet Advertisements Data Set,3279,Computer,1558,7/1/1998,Yes,355927,1,0,0,0,0,0,0,0,0,0,0,0,1,1,1,1,0,3,0,1,0,0,0,0,0,0,0,3,1998-7,1998
400,Libras Movement Data Set,360,Other,91,8/17/2009,No,84958,1,0,0,0,0,0,1,0,0,0,0,0,2,0,1,0,0,1,0,1,0,0,0,0,0,0,1,1,2009-8,2009
401,Breast Cancer Wisconsin (Prognostic) Data Set,198,Life,34,12/1/1995,Yes,215797,1,0,0,0,0,0,0,0,0,0,0,0,1,0,1,0,0,1,0,1,1,0,0,0,0,0,0,1,1995-12,1995
402,"Hybrid Indoor Positioning Dataset from WiFi RSSI, Bluetooth and magnetometer Data Set",1540,Computer,65,12/18/2016,Yes,14791,1,1,0,0,0,0,1,0,0,0,0,0,3,0,1,0,0,1,0,1,0,0,0,0,0,0,0,1,2016-12,2016
403,Climate Model Simulation Crashes Data Set,540,Physical,18,6/18/2013,No,85121,1,0,0,0,0,0,0,0,0,0,0,0,1,0,1,0,0,1,0,1,0,0,0,0,0,0,0,1,2013-6,2013
404,Challenger USA Space Shuttle O-Ring Data Set,23,Physical,4,8/5/1993,No,140058,1,0,0,0,0,0,0,0,0,0,0,0,1,0,0,1,0,1,0,0,1,0,0,0,0,0,0,1,1993-8,1993
405,default of credit card clients Data Set,30000,Business,24,1/26/2016,No,487247,1,0,0,0,0,0,0,0,0,0,0,0,1,0,1,1,0,2,0,1,0,0,0,0,0,0,0,2,2016-1,2016
406,Pittsburgh Bridges Data Set,108,Other,13,8/1/1990,Yes,102453,1,0,0,0,0,0,0,0,0,0,0,0,1,1,0,1,0,2,0,1,0,0,0,0,0,0,0,2,1990-8,1990
407,Facebook Live Sellers in Thailand Data Set,7051,Business,12,4/22/2019,No,35267,1,0,0,0,0,0,0,0,0,0,0,0,1,0,0,1,0,1,0,0,0,0,0,0,0,0,1,1,2019-4,2019
409,Gas Sensor Array Drift Dataset at Different Concentrations Data Set,13910,Computer,129,10/23/2013,No,69948,1,1,0,0,0,0,0,0,0,0,0,0,2,0,1,0,0,1,1,1,1,0,0,0,0,0,1,1,2013-10,2013
410,Fertility Data Set,100,Life,10,1/17/2013,No,201449,1,0,0,0,0,0,0,0,0,0,0,0,1,0,1,0,0,1,0,1,1,0,0,0,0,0,0,1,2013-1,2013
411,ILPD (Indian Liver Patient Dataset) Data Set,583,Life,10,5/21/2012,No,133380,1,0,0,0,0,0,0,0,0,0,0,0,1,0,1,1,0,2,0,1,0,0,0,0,0,0,0,2,2012-5,2012
412,QSAR fish bioconcentration factor (BCF) Data Set,1056,Life,7,11/27/2019,No,5907,1,0,0,0,0,0,0,0,0,0,0,0,1,0,1,1,0,2,0,0,1,0,0,0,0,0,0,2,2019-11,2019
414,Dishonest Internet users Dataset Data Set,322,Computer,5,3/20/2018,No,45114,1,0,0,0,0,0,0,0,0,0,0,0,1,0,0,0,1,1,0,1,0,0,0,0,0,0,1,1,2018-3,2018
415,Anuran Calls (MFCCs) Data Set,7195,Life,22,2/24/2017,No,47396,1,0,0,0,0,0,0,0,0,0,0,0,1,0,1,0,0,1,0,1,0,0,0,0,0,0,1,1,2017-2,2017
416,Absenteeism at work Data Set,740,Business,21,4/5/2018,No,174579,1,1,0,0,0,0,0,0,0,0,0,0,2,0,1,1,0,2,0,1,0,0,0,0,0,0,1,2,2018-4,2018
417,Function Finding Data Set,352,Physical,0,9/1/1990,No,54018,0,0,0,0,0,0,0,0,0,0,0,0,0,0,1,0,0,1,0,0,0,1,0,0,0,0,0,1,1990-9,1990
418,Mechanical Analysis Data Set,209,Computer,8,6/1/1990,No,99144,1,0,0,0,0,0,0,0,0,0,0,0,1,1,1,1,0,3,0,1,0,0,0,0,0,0,0,3,1990-6,1990
419,Discrete Tone Image Dataset Data Set,71,Computer,11,1/20/2018,No,19755,1,0,0,0,0,0,0,0,0,0,0,0,1,0,0,0,1,1,0,1,0,0,0,0,0,0,0,1,2018-1,2018
420,ICMLA 2014 Accepted Papers Data Set Data Set,105,Other,5,2/19/2018,No,15332,1,0,0,0,0,0,0,0,0,0,0,0,1,0,0,0,1,1,0,1,0,0,0,0,0,0,1,1,2018-2,2018
421,Electrical Grid Stability Simulated Data  Data Set,10000,Physical,14,11/16/2018,No,44209,1,0,0,0,0,0,0,0,0,0,0,0,1,0,1,0,0,1,0,1,1,0,0,0,0,0,0,1,2018-11,2018
422,SCADI Data Set,70,Life,206,4/14/2018,No,29373,1,0,0,0,0,0,0,0,0,0,0,0,1,0,0,0,1,1,0,1,0,0,0,0,0,0,1,1,2018-4,2018
423,Facebook metrics Data Set,500,Business,19,8/5/2016,No,164993,1,0,0,0,0,0,0,0,0,0,0,0,1,0,0,1,0,1,0,0,1,0,0,0,0,0,0,1,2016-8,2016
424,Folio Data Set,637,Other,20,7/5/2015,Yes,58783,1,0,0,0,0,0,0,0,0,0,0,0,1,0,0,0,1,1,0,1,0,0,0,0,0,0,1,1,2015-7,2015
425,CNAE-9 Data Set,1080,Business,857,8/3/2012,No,65396,1,0,0,0,0,0,0,0,0,0,1,0,1,0,0,1,0,1,0,1,0,0,0,0,0,0,0,1,2012-8,2012
426,Miskolc IIS Hybrid IPS Data Set,1540,Computer,67,7/4/2016,Yes,13341,0,0,0,0,0,0,0,0,0,0,1,0,0,0,0,1,0,1,1,1,0,0,0,0,0,0,1,1,2016-7,2016
427,APS Failure at Scania Trucks Data Set,60000,Computer,171,12/8/2017,Yes,55762,1,0,0,0,0,0,0,0,0,0,0,0,1,0,1,1,0,2,0,1,0,0,0,0,0,0,0,2,2017-12,2017
428,Metro Interstate Traffic Volume Data Set,48204,Other,9,5/7/2019,No,43754,1,1,0,0,0,0,1,0,0,0,0,0,3,0,1,1,0,2,0,0,1,0,0,0,0,0,0,2,2019-5,2019
429,Legal Case Reports Data Set,0,Other,0,10/19/2012,No,88204,0,0,0,0,0,0,0,0,0,0,1,0,0,0,0,0,1,1,0,1,0,0,0,0,0,0,0,1,2012-10,2012
430,Wall-Following Robot Navigation Data Data Set,5456,Computer,24,8/4/2010,No,62588,1,0,0,0,0,0,1,0,0,0,0,0,2,0,1,0,0,1,0,1,0,0,0,0,0,0,0,1,2010-8,2010
431,Waveform Database Generator (Version 2) Data Set,5000,Physical,40,11/10/1988,No,60447,1,0,1,0,0,0,0,0,0,0,0,0,2,0,1,0,0,1,0,1,0,0,0,0,0,0,0,1,1988-11,1988
432,Mushroom Data Set,8124,Life,22,4/27/1987,Yes,546738,1,0,0,0,0,0,0,0,0,0,0,0,1,1,0,0,0,1,0,1,0,0,0,0,0,0,0,1,1987-4,1987
433,Cardiotocography Data Set,2126,Life,23,9/7/2010,No,168353,1,0,0,0,0,0,0,0,0,0,0,0,1,0,1,0,0,1,0,1,0,0,0,0,0,0,0,1,2010-9,2010
434,SGEMM GPU kernel performance Data Set,241600,Computer,18,2/27/2018,No,26042,1,0,0,0,0,0,0,0,0,0,0,0,1,0,0,1,0,1,0,0,1,0,0,0,0,0,0,1,2018-2,2018
435,Haberman's Survival Data Set,306,Life,3,3/4/1999,No,211780,1,0,0,0,0,0,0,0,0,0,0,0,1,0,0,1,0,1,0,1,0,0,0,0,0,0,0,1,1999-3,1999
436,Badges Data Set,294,Other,1,9/1/1994,No,116715,0,0,0,0,0,0,0,0,1,0,1,0,1,0,0,0,1,1,0,1,0,0,0,0,0,0,0,1,1994-9,1994
437,News Popularity in Multiple Social Media Platforms Data Set,93239,Computer,11,2/20/2018,No,56516,1,1,0,0,0,0,0,0,0,0,1,0,2,0,1,1,0,2,0,0,1,0,0,0,0,0,0,2,2018-2,2018
438,FMA: A Dataset For Music Analysis Data Set,106574,Computer,518,5/24/2017,No,84832,1,1,0,0,0,0,0,0,0,0,0,0,2,0,1,0,0,1,0,1,0,0,0,0,0,0,1,1,2017-5,2017
439,BlogFeedback Data Set,60021,Social,281,5/29/2014,No,96744,1,0,0,0,0,0,0,0,0,0,0,0,1,0,1,1,0,2,0,0,1,0,0,0,0,0,0,2,2014-5,2014
440,AAAI 2013 Accepted Papers Data Set,150,Computer,5,7/30/2014,No,56703,1,0,0,0,0,0,0,0,0,0,0,0,1,0,0,0,1,1,0,0,0,0,0,0,0,0,1,1,2014-7,2014
441,Online News Popularity Data Set,39797,Business,61,5/31/2015,No,294019,1,0,0,0,0,0,0,0,0,0,0,0,1,0,1,1,0,2,0,1,1,0,0,0,0,0,0,2,2015-5,2015
442,Cloud Data Set,1024,Physical,10,8/3/1989,No,131424,1,0,0,0,0,0,0,0,0,0,0,0,1,0,1,0,0,1,0,0,0,0,0,0,0,1,0,1,1989-8,1989
444,Corel Image Features Data Set,68040,Other,89,7/1/1999,No,86755,1,0,0,0,0,0,0,0,0,0,0,0,1,0,1,0,0,1,0,0,0,0,0,0,0,1,0,1,1999-7,1999
445,Anonymous Microsoft Web Data Data Set,37711,Computer,294,11/1/1998,No,180504,0,0,0,0,0,0,0,0,0,0,0,0,0,1,0,0,0,1,0,0,0,0,0,0,0,0,0,1,1998-11,1998
446,Geo-Magnetic field and WLAN dataset for indoor localisation from wristband and smartphone Data Set,153540,Computer,25,1/10/2017,No,31865,1,1,0,0,0,0,1,0,0,0,0,0,3,0,1,1,0,2,0,1,1,0,0,0,0,0,1,2,2017-1,2017
447,Labor Relations Data Set,57,Social,16,11/1/1988,No,78116,1,0,0,0,0,0,0,0,0,0,0,0,1,1,1,1,0,3,0,0,0,0,0,0,0,1,0,3,1988-11,1988
448,Drug Review Dataset (Druglib.com) Data Set,4143,Other,8,10/2/2018,No,49706,1,0,0,0,0,0,0,0,0,0,1,0,1,0,0,1,0,1,0,1,1,0,0,0,0,0,1,1,2018-10,2018
449,Student Loan Relational Data Set,1000,Social,0,1/1/1993,No,67873,0,0,0,1,0,0,0,0,0,0,0,0,1,0,0,0,1,1,0,0,0,0,0,0,0,1,0,1,1993-1,1993
450,Activity Recognition system based on Multisensor data fusion (AReM) Data Set,42240,Computer,6,5/18/2016,No,62222,1,1,0,0,0,0,1,0,0,0,0,0,3,0,1,0,0,1,0,1,0,0,0,0,0,0,0,1,2016-5,2016
451,Online Video Characteristics and Transcoding Time Dataset Data Set,168286,Computer,11,5/19/2015,No,43002,1,0,0,0,0,0,0,0,0,0,0,0,1,0,1,1,0,2,0,0,1,0,0,0,0,0,0,2,2015-5,2015
452,Human Activity Recognition Using Smartphones Data Set,10299,Computer,561,12/10/2012,No,1010043,1,1,0,0,0,0,0,0,0,0,0,0,2,0,0,0,1,1,0,1,0,0,0,0,0,0,1,1,2012-12,2012
453,Autistic Spectrum Disorder Screening Data for Children   Data Set,292,Life,21,12/24/2017,Yes,43408,1,0,0,0,0,0,0,0,0,0,0,0,1,0,0,1,0,1,0,1,0,0,0,0,0,0,0,1,2017-12,2017
454,IPUMS Census Database Data Set,256932,Social,61,11/9/1999,No,41282,1,0,0,0,0,0,0,0,0,0,0,0,1,1,0,1,0,2,0,0,0,0,0,0,0,1,0,2,1999-11,1999
455,Gisette Data Set,13500,Computer,5000,2/29/2008,No,117652,1,0,0,0,0,0,0,0,0,0,0,0,1,0,0,1,0,1,0,1,0,0,0,0,0,0,0,1,2008-2,2008
456,Iris Data Set,150,Life,4,7/1/1988,No,3438990,1,0,0,0,0,0,0,0,0,0,0,0,1,0,1,0,0,1,0,1,0,0,0,0,0,0,0,1,1988-7,1988
457,Computer Hardware Data Set,209,Computer,9,10/1/1987,No,308218,1,0,0,0,0,0,0,0,0,0,0,0,1,0,0,1,0,1,0,0,1,0,0,0,0,0,0,1,1987-10,1987
458,PubChem Bioassay Data Data Set,0,Life,0,3/29/2011,No,38752,1,0,0,0,0,0,0,0,0,0,0,0,1,0,1,1,0,2,0,1,0,0,0,0,0,0,0,2,2011-3,2011
459,AAAI 2014 Accepted Papers Data Set,399,Computer,6,7/30/2014,No,53924,1,0,0,0,0,0,0,0,0,0,0,0,1,0,0,0,1,1,0,0,0,0,0,0,0,0,1,1,2014-7,2014
460,Coil 1999 Competition Data Data Set,340,Physical,17,9/9/1999,No,50547,1,0,0,0,0,0,0,0,0,0,0,0,1,1,1,0,0,2,0,0,0,0,0,0,0,1,0,2,1999-9,1999
461,Statlog (Landsat Satellite) Data Set,6435,Physical,36,2/13/1993,No,133621,1,0,0,0,0,0,0,0,0,0,0,0,1,0,0,1,0,1,0,1,0,0,0,0,0,0,0,1,1993-2,1993
462,News Aggregator Data Set,422937,Other,5,2/28/2016,No,87843,1,0,0,0,0,0,0,0,0,0,0,0,1,0,0,0,1,1,0,1,0,0,0,0,0,0,1,1,2016-2,2016
463,Statlog Project Data Set,0,Other,0,10/1/1992,No,47497,0,0,0,0,0,0,0,0,0,0,0,0,0,0,0,0,1,1,0,0,0,0,0,0,0,1,0,1,1992-10,1992
464,PEMS-SF Data Set,440,Computer,138672,5/22/2011,No,69620,1,1,0,0,0,0,0,0,0,0,0,0,2,0,1,0,0,1,0,1,0,0,0,0,0,0,0,1,2011-5,2011
465,KEGG Metabolic Reaction Network (Undirected) Data Set,65554,Life,29,11/28/2011,Yes,53800,1,0,0,0,0,0,0,0,1,0,1,0,2,0,1,1,0,2,0,1,1,0,0,0,0,0,1,2,2011-11,2011
466,Auto MPG Data Set,398,Other,8,7/7/1993,Yes,562317,1,0,0,0,0,0,0,0,0,0,0,0,1,1,1,0,0,2,0,0,1,0,0,0,0,0,0,2,1993-7,1993
467,Indoor User Movement Prediction from RSS data Data Set,13197,Computer,4,2/4/2016,No,62798,1,1,0,0,0,0,1,0,0,0,0,0,3,0,1,0,0,1,0,1,0,0,0,0,0,0,0,1,2016-2,2016
468,Gas sensor array temperature modulation Data Set,4095000,Computer,20,4/15/2019,No,20825,1,1,0,0,0,0,0,0,0,0,0,0,2,0,1,0,0,1,0,1,1,0,0,0,0,0,0,1,2019-4,2019
469,Appliances energy prediction Data Set,19735,Computer,29,2/15/2017,No,121897,1,1,0,0,0,0,0,0,0,0,0,0,2,0,1,0,0,1,0,0,1,0,0,0,0,0,0,1,2017-2,2017
470,Mice Protein Expression Data Set,1080,Life,82,8/4/2015,Yes,79082,1,0,0,0,0,0,0,0,0,0,0,0,1,0,1,0,0,1,0,1,0,0,0,0,0,0,1,1,2015-8,2015
471,Parkinson Dataset with replicated acoustic features  Data Set,240,Life,46,4/10/2019,No,19851,1,0,0,0,0,0,0,0,0,0,0,0,1,0,0,0,1,1,0,1,0,0,0,0,0,0,0,1,2019-4,2019
472,ser Knowledge Modeling Data (Students' Knowledge Levels on DC Electrical Machines) Data Set,403,Computer,5,6/20/2013,No,37684,1,0,0,0,0,0,0,0,0,0,0,0,1,0,1,0,0,1,0,1,0,0,0,0,0,0,0,1,2013-6,2013
473,Farm Ads Data Set,4143,Business,54877,10/18/2011,No,74326,0,0,0,0,0,0,0,0,0,0,1,0,0,0,0,0,1,1,0,1,0,0,0,0,0,0,0,1,2011-10,2011
474,Buzz in social media  Data Set,140000,Computer,77,5/27/2013,No,157268,1,1,0,0,0,0,0,0,0,0,0,0,2,0,1,1,0,2,0,1,1,0,0,0,0,0,0,2,2013-5,2013
475,Amazon Access Samples Data Set,30000,Business,20000,9/13/2011,No,205596,0,1,0,1,0,0,0,0,0,0,0,0,2,0,0,0,1,1,1,0,1,0,0,0,0,0,1,1,2011-9,2011
476,Breast Tissue Data Set,106,Life,10,5/10/2010,No,125419,1,0,0,0,0,0,0,0,0,0,0,0,1,0,1,0,0,1,0,1,0,0,0,0,0,0,0,1,2010-5,2010
477,Immunotherapy Dataset Data Set,90,Life,8,1/4/2018,No,49477,0,0,0,0,0,0,0,0,1,0,0,0,1,0,1,1,0,2,0,1,0,0,0,0,0,0,0,2,2018-1,2018
478,Opinosis Opinion  Review Data Set,51,Computer,0,7/6/2010,No,49236,0,0,0,0,0,0,0,0,0,0,1,0,0,0,0,0,1,1,0,0,0,0,0,0,0,1,0,1,2010-7,2010
480,Plants Data Set,22632,Life,70,12/31/2008,Yes,191947,1,0,0,0,0,0,0,0,0,0,0,0,1,1,0,0,0,1,0,0,0,0,0,0,0,0,1,1,2008-12,2008
481,Car Evaluation Data Set,1728,Other,6,6/1/1997,No,1212646,1,0,0,0,0,0,0,0,0,0,0,0,1,1,0,0,0,1,0,1,0,0,0,0,0,0,0,1,1997-6,1997
482,Gastrointestinal Lesions in Regular Colonoscopy Data Set,76,Computer,698,10/15/2016,No,17677,1,0,0,0,0,0,0,0,0,0,0,0,1,0,1,0,0,1,0,1,0,0,0,0,0,0,0,1,2016-10,2016
483,Machine Learning based ZZAlpha Ltd. Stock Recommendations 2012-2014 Data Set,314080,Business,0,6/6/2015,Yes,51645,0,1,0,0,0,0,1,0,0,0,0,0,2,0,1,0,0,1,0,1,0,0,0,0,0,0,0,1,2015-6,2015
484,UJI Pen Characters (Version 2) Data Set,11640,Computer,0,1/22/2009,No,65185,1,0,0,0,0,0,1,0,0,0,0,0,2,0,0,1,0,1,0,1,0,0,0,0,0,0,0,1,2009-1,2009
485,MONK's Problems Data Set,432,Other,7,10/1/1992,No,211055,1,0,0,0,0,0,0,0,0,0,0,0,1,1,0,0,0,1,0,1,0,0,0,0,0,0,0,1,1992-10,1992
486,Musk (Version 2) Data Set,6598,Physical,168,9/12/1994,No,72150,1,0,0,0,0,0,0,0,0,0,0,0,1,0,0,1,0,1,0,1,0,0,0,0,0,0,0,1,1994-9,1994
487,Dermatology Data Set,366,Life,33,1/1/1998,Yes,222240,1,0,0,0,0,0,0,0,0,0,0,0,1,1,0,1,0,2,0,1,0,0,0,0,0,0,0,2,1998-1,1998
488,Chess (King-Rook vs. King) Data Set,28056,Game,6,6/1/1994,No,126843,1,0,0,0,0,0,0,0,0,0,0,0,1,1,0,1,0,2,0,1,0,0,0,0,0,0,0,2,1994-6,1994
490,Automobile Data Set,205,Other,26,5/19/1987,Yes,524634,1,0,0,0,0,0,0,0,0,0,0,0,1,1,1,1,0,3,0,0,1,0,0,0,0,0,0,3,1987-5,1987
491,Somerville Happiness Survey Data Set,143,Life,7,5/24/2018,No,18565,0,0,0,0,0,0,0,0,0,0,0,0,0,0,0,1,0,1,0,1,0,0,0,0,0,0,0,1,2018-5,2018
492,Smartphone Dataset for Human Activity Recognition (HAR) in Ambient Assisted Living (AAL) Data Set,5744,Computer,561,3/9/2016,No,48257,0,1,0,0,0,0,0,0,0,0,0,0,1,0,1,0,0,1,0,1,0,0,0,0,0,0,0,1,2016-3,2016
493,PPG-DaLiA Data Set,8300000,Computer,11,7/30/2019,No,17754,1,1,0,0,0,0,0,0,0,0,0,0,2,0,1,0,0,1,0,0,1,0,0,0,0,0,0,1,2019-7,2019
494,Parkinsons Data Set,197,Life,23,6/26/2008,No,264327,1,0,0,0,0,0,0,0,0,0,0,0,1,0,1,0,0,1,0,1,0,0,0,0,0,0,0,1,2008-6,2008
495,KDD Cup 1999 Data Data Set,4000000,Computer,42,1/1/1999,No,155954,1,0,0,0,0,0,0,0,0,0,0,0,1,1,0,1,0,2,0,1,0,0,0,0,0,0,0,2,1999-1,1999
496,NSF Research Award Abstracts 1990-2003 Data Set,129000,Other,0,11/18/2003,No,47750,0,0,0,0,0,0,0,0,0,0,1,0,0,0,0,0,1,1,0,0,0,0,0,0,0,1,0,1,2003-11,2003
497,Carbon Nanotubes Data Set,10721,Computer,8,4/5/2018,No,37372,0,0,0,0,0,0,0,0,1,0,0,0,1,0,1,0,0,1,0,0,1,0,0,0,0,0,0,1,2018-4,2018
498,Adult Data Set,48842,Social,14,5/1/1996,Yes,1880062,1,0,0,0,0,0,0,0,0,0,0,0,1,1,0,1,0,2,0,1,0,0,0,0,0,0,0,2,1996-5,1996
499,Parkinsons Telemonitoring Data Set,5875,Life,26,10/29/2009,No,149279,1,0,0,0,0,0,0,0,0,0,0,0,1,0,1,1,0,2,0,0,1,0,0,0,0,0,0,2,2009-10,2009
500,Communities and Crime Data Set,1994,Social,128,7/13/2009,Yes,286446,1,0,0,0,0,0,0,0,0,0,0,0,1,0,1,0,0,1,0,0,1,0,0,0,0,0,0,1,2009-7,2009
501,Gas Sensor Array Drift Dataset Data Set,13910,Computer,128,4/25/2012,No,143094,1,0,0,0,0,0,0,0,0,0,0,0,1,0,1,0,0,1,0,1,0,0,0,0,0,0,0,1,2012-4,2012
