,header,NumberofInstances,Area,NumberofAttributes,DateDonated,MissingValues,NumberofWebHits,multivariate_data,time_series_data,data_generator_data,domain_theory_data,image_data,relational_data,sequential_data,spatial_data,univariate_data,spatio_temporal_data,text_data,transactional_data,num_data_characteristics,categorical_attributes,real_attributes,integer_attributes,no_listed_attributes,num_attribute_characteristics,causal_discover_task,classification_task,regression_task,function_learning_task,recomendation_task,description_task,relational_learning_task,no_given_task,clustering_task,num_associated_tasks
0,Smartphone-Based Recognition of Human Activities and Postural Transitions Data Set,10929.0,Life,561.0,7/29/2015,No,173081,1,1,0,0,0,0,0,0,0,0,0,0,2,0,1,0,0,1,0,1,0,0,0,0,0,0,0,1
1,Divorce Predictors data set Data Set,170.0,Life,54.0,7/24/2019,No,77119,1,0,0,0,0,0,0,0,1,0,0,0,2,0,0,1,0,1,0,1,0,0,0,0,0,0,0,1
2,Online Shoppers Purchasing Intention Dataset Data Set,12330.0,Business,18.0,8/31/2018,No,86113,1,0,0,0,0,0,0,0,0,0,0,0,1,0,1,1,0,2,0,1,0,0,0,0,0,0,1,1
3,University Data Set,285.0,Other,17.0,7/1/1988,Yes,220698,1,0,0,0,0,0,0,0,0,0,0,0,1,1,0,1,0,2,0,1,0,0,0,0,0,0,0,1
4,QtyT40I10D100K Data Set,3960456.0,Other,4.0,10/21/2012,No,41246,0,0,0,0,0,0,1,0,0,0,0,0,1,0,0,1,0,1,0,0,0,0,0,0,0,1,0,0
5,Crop mapping using fused optical-radar data set Data Set,325834.0,Other,175.0,6/16/2020,No,1506,1,1,0,0,0,0,0,0,0,0,0,0,2,0,1,0,0,1,0,1,0,0,0,0,0,0,0,1
6,PAMAP2 Physical Activity Monitoring Data Set,3850505.0,Computer,52.0,8/6/2012,Yes,93948,1,1,0,0,0,0,0,0,0,0,0,0,2,0,1,0,0,1,0,1,0,0,0,0,0,0,0,1
7,Rice Leaf Diseases Data Set,120.0,Computer,0.0,4/14/2019,No,40680,1,0,0,0,0,0,0,0,0,0,0,0,1,0,0,1,0,1,0,1,0,0,0,0,0,0,0,1
8,wiki4HE Data Set,913.0,Social,53.0,5/4/2015,Yes,47677,1,0,0,0,0,0,0,0,0,0,0,0,1,0,0,0,1,1,1,0,1,0,0,0,0,0,1,2
9,Twin gas sensor arrays Data Set,640.0,Computer,480000.0,5/19/2016,No,47611,1,1,0,1,0,0,0,0,0,0,0,0,3,0,1,0,0,1,0,1,1,0,0,0,0,0,0,2
10,Activities of Daily Living (ADLs) Recognition Using Binary Sensors Data Set,2747.0,Computer,0.0,10/28/2013,No,90872,1,1,0,0,0,0,1,0,0,0,0,0,3,0,0,0,1,1,0,1,0,0,0,0,0,0,1,1
12,sEMG for Basic Hand movements Data Set,3000.0,Life,2500.0,11/18/2014,No,68041,0,1,0,0,0,0,0,0,0,0,0,0,1,0,1,0,0,1,0,1,0,0,0,0,0,0,0,1
13,Poker Hand Data Set,1025010.0,Game,11.0,1/1/2007,No,609688,1,0,0,0,0,0,0,0,0,0,0,0,1,1,0,1,0,2,0,1,0,0,0,0,0,0,0,1
14,Cylinder Bands Data Set,512.0,Physical,39.0,8/1/1995,Yes,77223,1,0,0,0,0,0,0,0,0,0,0,0,1,1,1,1,0,3,0,1,0,0,0,0,0,0,0,1
15,Grammatical Facial Expressions Data Set,27965.0,Computer,100.0,10/6/2014,No,71847,1,0,0,0,0,0,1,0,0,0,0,0,2,0,1,0,0,1,0,1,0,0,0,0,0,0,1,1
16,Post-Operative Patient Data Set,90.0,Life,8.0,6/1/1993,Yes,106177,1,0,0,0,0,0,0,0,0,0,0,0,1,1,0,1,0,2,0,1,0,0,0,0,0,0,0,1
17,Gas sensor array under dynamic gas mixtures Data Set,4178504.0,Computer,19.0,3/20/2015,No,52895,1,1,0,0,0,0,0,0,0,0,0,0,2,0,1,0,0,1,0,1,1,0,0,0,0,0,0,2
18,"3D Road Network (North Jutland, Denmark) Data Set",434874.0,Computer,4.0,4/16/2013,No,187989,0,0,0,0,0,0,1,0,0,0,1,0,1,0,1,0,0,1,0,0,1,0,0,0,0,0,1,1
19,Residential Building Data Set Data Set,372.0,Computer,105.0,2/19/2018,No,45780,1,0,0,0,0,0,0,0,0,0,0,0,1,0,1,0,0,1,0,0,1,0,0,0,0,0,0,1
20,Open University Learning Analytics dataset Data Set,0.0,Computer,0.0,12/21/2015,Yes,62991,1,1,0,0,0,0,1,0,0,0,0,0,3,0,0,1,0,1,0,1,1,0,0,0,0,0,1,2
21,University of Tehran Question Dataset 2016 (UTQD.2016) Data Set,1175.0,Other,3.0,9/27/2017,Yes,12470,0,0,0,0,0,0,0,0,0,0,1,0,0,0,0,0,1,1,0,1,0,0,0,0,0,0,0,1
22,Heart Disease Data Set,303.0,Life,75.0,7/1/1988,Yes,1270649,1,0,0,0,0,0,0,0,0,0,0,0,1,1,1,1,0,3,0,1,0,0,0,0,0,0,0,1
23,Forest Fires Data Set,517.0,Physical,13.0,2/29/2008,No,901139,1,0,0,0,0,0,0,0,0,0,0,0,1,0,1,0,0,1,0,0,1,0,0,0,0,0,0,1
24,Kitsune Network Attack Dataset Data Set,27170754.0,Computer,115.0,10/16/2019,No,114874,1,1,0,0,0,0,1,0,0,0,0,0,3,0,1,0,0,1,1,1,0,0,0,0,0,0,1,2
25,TTC-3600: Benchmark dataset for Turkish text categorization Data Set,3600.0,Computer,4814.0,2/8/2017,No,14579,0,0,0,0,0,0,0,0,0,0,1,0,0,0,0,1,0,1,0,1,0,0,0,0,0,0,1,1
26,Container Crane Controller Data Set Data Set,15.0,Computer,3.0,1/1/2018,No,30460,0,0,0,1,0,0,0,0,1,0,0,0,2,0,1,0,0,1,0,1,1,0,0,0,0,0,0,2
27,REALDISP Activity Recognition Dataset Data Set,1419.0,Computer,120.0,7/25/2014,No,44901,1,1,0,0,0,0,0,0,0,0,0,0,2,0,1,0,0,1,0,1,0,0,0,0,0,0,0,1
28,Condition Based Maintenance of Naval Propulsion Plants Data Set,11934.0,Computer,16.0,9/11/2014,No,58896,1,0,0,0,0,0,0,0,0,0,0,0,1,0,1,0,0,1,0,0,1,0,0,0,0,0,0,1
29,Quadruped Mammals Data Set,0.0,Life,72.0,8/25/1992,No,66719,1,0,1,0,0,0,0,0,0,0,0,0,2,0,1,0,0,1,0,1,0,0,0,0,0,0,0,1
30,Air Quality Data Set,9358.0,Computer,15.0,3/23/2016,Yes,437733,1,1,0,0,0,0,0,0,0,0,0,0,2,0,1,0,0,1,0,0,1,0,0,0,0,0,0,1
31,Spoken Arabic Digit Data Set,8800.0,Other,13.0,9/13/2010,No,77922,1,1,0,0,0,0,0,0,0,0,0,0,2,0,1,0,0,1,0,1,0,0,0,0,0,0,0,1
32,Image Segmentation Data Set,2310.0,Other,19.0,11/1/1990,No,198808,1,0,0,0,0,0,0,0,0,0,0,0,1,0,1,0,0,1,0,1,0,0,0,0,0,0,0,1
33,Breast Cancer Wisconsin (Diagnostic) Data Set,569.0,Life,32.0,11/1/1995,No,1292735,1,0,0,0,0,0,0,0,0,0,0,0,1,0,1,0,0,1,0,1,0,0,0,0,0,0,0,1
34,MAGIC Gamma Telescope Data Set,19020.0,Physical,11.0,5/1/2007,No,115046,1,0,0,0,0,0,0,0,0,0,0,0,1,0,1,0,0,1,0,1,0,0,0,0,0,0,0,1
35,Teaching Assistant Evaluation Data Set,151.0,Other,5.0,6/7/1997,No,161779,1,0,0,0,0,0,0,0,0,0,0,0,1,1,0,1,0,2,0,1,0,0,0,0,0,0,0,1
36,Skin Segmentation Data Set,245057.0,Computer,4.0,7/17/2012,No,203490,0,0,0,0,0,0,0,0,1,0,0,0,1,0,1,0,0,1,0,1,0,0,0,0,0,0,0,1
37,Australian Sign Language signs Data Set,6650.0,Other,15.0,4/20/1999,No,100030,1,1,0,0,0,0,0,0,0,0,0,0,2,1,1,0,0,2,0,1,0,0,0,0,0,0,0,1
38,Mobile Robots Data Set,0.0,Computer,0.0,7/15/1995,No,73865,0,0,0,1,0,0,0,0,0,0,0,0,1,1,1,1,0,3,0,0,0,0,0,0,0,1,0,0
39,Mammographic Mass Data Set,961.0,Life,6.0,10/29/2007,Yes,172853,1,0,0,0,0,0,0,0,0,0,0,0,1,0,0,1,0,1,0,1,0,0,0,0,0,0,0,1
40,WESAD (Wearable Stress and Affect Detection) Data Set,63000000.0,Computer,12.0,9/14/2018,No,37700,1,1,0,0,0,0,0,0,0,0,0,0,2,0,1,0,0,1,0,1,1,0,0,0,0,0,0,2
41,KEGG Metabolic Relation Network (Directed) Data Set,53414.0,Life,24.0,11/28/2011,No,56566,1,0,0,0,0,0,0,0,1,0,1,0,2,0,1,1,0,2,0,1,1,0,0,0,0,0,1,2
42,PANDOR Data Set,0.0,Life,0.0,10/2/2018,No,14453,1,0,0,0,0,0,0,0,0,0,0,0,1,1,0,0,0,1,0,0,0,0,1,0,0,0,0,1
44,AutoUniv Data Set,0.0,Other,0.0,11/3/2010,No,58967,1,0,0,0,0,0,0,0,0,0,0,0,1,1,1,1,0,3,0,1,0,0,0,0,0,0,0,1
45,Parkinson Disease Spiral Drawings Using Digitized Graphics Tablet Data Set,77.0,Computer,7.0,7/20/2017,No,44869,1,0,0,0,0,0,0,0,0,0,0,0,1,0,0,1,0,1,0,1,1,0,0,0,0,0,1,2
47,extention of Z-Alizadeh sani dataset Data Set,303.0,Life,59.0,11/17/2017,No,11366,0,0,0,0,0,0,0,0,0,0,0,0,0,0,1,1,0,2,0,1,0,0,0,0,0,0,0,1
48,HIGGS Data Set,11000000.0,Physical,28.0,2/12/2014,No,149351,0,0,0,0,0,0,0,0,0,0,0,0,0,0,1,0,0,1,0,1,0,0,0,0,0,0,0,1
49,Hepatitis C Virus (HCV) for Egyptian patients Data Set,1385.0,Life,29.0,9/30/2019,No,47175,1,0,0,0,0,0,0,0,0,0,0,0,1,0,1,1,0,2,0,1,0,0,0,0,0,0,0,1
50,LED Display Domain Data Set,0.0,Computer,7.0,11/10/1988,No,69411,1,0,1,0,0,0,0,0,0,0,0,0,2,1,0,0,0,1,0,1,0,0,0,0,0,0,0,1
51,Opinion Corpus for Lebanese Arabic Reviews (OCLAR) Data Set,3916.0,Computer,3916.0,6/17/2019,No,4065,0,0,0,0,0,0,0,0,0,0,1,0,0,0,0,1,0,1,0,1,0,0,0,0,0,0,0,1
52,Air Quality Data Set,9358.0,Computer,15.0,3/23/2016,Yes,437734,1,1,0,0,0,0,0,0,0,0,0,0,2,0,1,0,0,1,0,0,1,0,0,0,0,0,0,1
53,selfBACK Data Set,26136.0,Computer,6.0,6/15/2020,No,2998,0,1,0,0,0,0,0,0,0,0,0,0,1,0,1,0,0,1,0,1,0,0,0,0,0,0,1,1
54,Wireless Indoor Localization Data Set,2000.0,Computer,7.0,12/4/2017,No,44669,1,0,0,0,0,0,0,0,0,0,0,0,1,0,1,0,0,1,0,1,0,0,0,0,0,0,0,1
55,Ecoli Data Set,336.0,Life,8.0,9/1/1996,No,233225,1,0,0,0,0,0,0,0,0,0,0,0,1,0,1,0,0,1,0,1,0,0,0,0,0,0,0,1
56,HCC Survival Data Set,165.0,Life,49.0,11/29/2017,Yes,32639,1,0,0,0,0,0,0,0,0,0,0,0,1,0,1,1,0,2,0,1,0,0,0,0,0,0,0,1
57,Hill-Valley Data Set,606.0,Other,101.0,3/20/2008,No,71030,0,0,0,0,0,0,1,0,0,0,0,0,1,0,1,0,0,1,0,1,0,0,0,0,0,0,0,1
58,Reuters Transcribed Subset Data Set,200.0,Business,0.0,3/8/2008,No,56978,0,0,0,0,0,0,0,0,0,0,1,0,0,0,0,0,1,1,0,1,0,0,0,0,0,0,0,1
59,Blood Transfusion Service Center Data Set,748.0,Business,5.0,10/3/2008,No,330908,1,0,0,0,0,0,0,0,0,0,0,0,1,0,1,0,0,1,0,1,0,0,0,0,0,0,0,1
60,Character Trajectories Data Set,2858.0,Computer,3.0,8/20/2008,No,147124,0,1,0,0,0,0,0,0,0,0,0,0,1,0,1,0,0,1,0,1,0,0,0,0,0,0,1,1
61,BLOGGER Data Set,100.0,Computer,6.0,7/6/2013,No,81725,1,0,0,0,0,0,0,0,0,0,0,0,1,0,0,0,1,1,0,1,0,0,0,0,0,0,0,1
62,MHEALTH Dataset Data Set,120.0,Computer,23.0,12/7/2014,No,99662,1,1,0,0,0,0,0,0,0,0,0,0,2,0,1,0,0,1,0,1,0,0,0,0,0,0,0,1
63,Victorian Era Authorship Attribution Data Set,93600.0,Computer,1000.0,5/31/2018,No,16425,0,0,0,0,0,0,0,0,0,0,1,0,0,0,0,0,1,1,0,1,0,0,0,0,0,0,0,1
64,Census Income Data Set,48842.0,Social,14.0,5/1/1996,Yes,451336,1,0,0,0,0,0,0,0,0,0,0,0,1,1,0,1,0,2,0,1,0,0,0,0,0,0,0,1
65,EEG Database Data Set,122.0,Life,4.0,10/13/1999,Yes,211042,1,1,0,0,0,0,0,0,0,0,0,0,2,1,1,1,0,3,0,0,0,0,0,0,0,1,0,0
66,Chess (King-Rook vs. King-Knight) Data Set,0.0,Game,22.0,10/3/1988,No,72291,1,0,1,0,0,0,0,0,0,0,0,0,2,1,0,1,0,2,0,1,0,0,0,0,0,0,0,1
67,Heterogeneity Activity Recognition Data Set,43930257.0,Computer,16.0,10/26/2015,Yes,102017,1,1,0,0,0,0,0,0,0,0,0,0,2,0,1,0,0,1,0,1,0,0,0,0,0,0,1,1
68,Nomao Data Set,34465.0,Computer,120.0,7/4/2012,Yes,52075,0,0,0,0,0,0,0,0,1,0,0,0,1,0,1,0,0,1,0,1,0,0,0,0,0,0,0,1
69,Reuters-21578 Text Categorization Collection Data Set,21578.0,Other,5.0,9/26/1997,No,189716,0,0,0,0,0,0,0,0,0,0,1,0,0,1,0,0,0,1,0,1,0,0,0,0,0,0,0,1
70,Alcohol QCM Sensor Dataset Data Set,125.0,Computer,8.0,7/22/2019,No,44320,1,0,0,0,0,0,0,0,0,0,0,0,1,0,1,0,0,1,0,1,1,0,0,0,0,0,1,2
71,Airfoil Self-Noise Data Set,1503.0,Physical,6.0,3/4/2014,No,130841,1,0,0,0,0,0,0,0,0,0,0,0,1,0,1,0,0,1,0,0,1,0,0,0,0,0,0,1
74,Devanagari Handwritten Character Dataset Data Set,92000.0,Computer,0.0,9/1/2016,No,27994,0,0,0,0,0,0,0,0,0,0,0,0,0,0,0,1,0,1,0,1,0,0,0,0,0,0,0,1
75,Daily and Sports Activities Data Set,9120.0,Computer,5625.0,7/8/2013,No,188348,1,1,0,0,0,0,0,0,0,0,0,0,2,0,1,0,0,1,0,1,0,0,0,0,0,0,1,1
76,Document Understanding Data Set,0.0,Other,0.0,11/1/1994,No,44459,0,0,0,0,0,0,0,0,0,0,0,0,0,0,0,0,1,1,0,0,0,0,0,0,0,1,0,0
77,Tarvel Review Ratings Data Set,5456.0,Other,25.0,12/19/2018,No,51016,1,0,0,0,0,0,0,0,0,0,1,0,1,0,1,0,0,1,0,1,0,0,0,0,0,0,1,1
78,Arrhythmia Data Set,452.0,Life,279.0,1/1/1998,Yes,315309,1,0,0,0,0,0,0,0,0,0,0,0,1,1,1,1,0,3,0,1,0,0,0,0,0,0,0,1
80,Molecular Biology (Promoter Gene Sequences) Data Set,106.0,Life,58.0,6/30/1990,No,78137,0,0,0,1,0,0,1,0,0,0,0,0,2,1,0,0,0,1,0,1,0,0,0,0,0,0,0,1
81,Online Handwritten Assamese Characters Dataset Data Set,8235.0,Computer,0.0,4/1/2011,No,47303,1,0,0,0,0,0,1,0,0,0,0,0,2,0,0,1,0,1,0,1,0,0,0,0,0,0,0,1
82,Communities and Crime Unnormalized Data Set,2215.0,Social,147.0,3/2/2011,Yes,145708,1,0,0,0,0,0,0,0,0,0,0,0,1,0,1,0,0,1,0,0,1,0,0,0,0,0,0,1
84,Drug consumption (quantified) Data Set,1885.0,Social,32.0,10/17/2016,No,128556,1,0,0,0,0,0,0,0,0,0,0,0,1,0,1,0,0,1,0,1,0,0,0,0,0,0,0,1
85,StoneFlakes Data Set,79.0,Other,8.0,5/20/2014,Yes,62631,1,0,0,0,0,0,0,0,0,0,0,0,1,0,1,0,0,1,1,1,0,0,0,0,0,0,1,2
86,Relative location of CT slices on axial axis Data Set,53500.0,Computer,386.0,7/7/2011,No,56666,0,0,0,1,0,0,0,0,0,0,0,0,1,0,1,0,0,1,0,0,1,0,0,0,0,0,0,1
87,Insurance Company Benchmark (COIL 2000) Data Set,9000.0,Social,86.0,7/3/2000,No,154830,1,0,0,0,0,0,0,0,0,0,0,0,1,1,0,1,0,2,0,0,1,0,0,1,0,0,0,2
88,Congressional Voting Records Data Set,435.0,Social,16.0,4/27/1987,Yes,221074,1,0,0,0,0,0,0,0,0,0,0,0,1,1,0,0,0,1,0,1,0,0,0,0,0,0,0,1
89,Drug Review Dataset (Drugs.com) Data Set,215063.0,Life,6.0,10/4/2018,No,74826,1,0,0,0,0,0,0,0,0,0,1,0,1,0,0,1,0,1,0,1,1,0,0,0,0,0,1,2
90,Yacht Hydrodynamics Data Set,308.0,Physical,7.0,1/3/2013,No,95331,1,0,0,0,0,0,0,0,0,0,0,0,1,0,1,0,0,1,0,0,1,0,0,0,0,0,0,1
91,OCT data & Color Fundus Images of Left & Right Eyes Data Set,50.0,Computer,2.0,11/1/2016,No,15547,1,0,0,0,0,0,0,0,0,0,0,0,1,0,1,0,0,1,0,1,0,0,0,0,0,0,0,1
92,Water Treatment Plant Data Set,527.0,Physical,38.0,6/1/1993,No,145232,1,0,0,0,0,0,0,0,0,0,0,0,1,0,1,1,0,2,0,0,0,0,0,0,0,0,1,0
94,BLE RSSI Dataset for Indoor localization and Navigation Data Set,6611.0,Computer,15.0,1/25/2018,Yes,30121,1,1,0,0,0,0,1,0,0,0,0,0,3,0,0,1,0,1,0,1,0,0,0,0,0,0,1,1
95,Audit Data Data Set,777.0,Other,18.0,7/14/2018,Yes,38552,1,0,0,0,0,0,0,0,0,0,0,0,1,0,1,0,0,1,0,1,0,0,0,0,0,0,0,1
96,SPECT Heart Data Set,267.0,Life,22.0,10/1/2001,No,204736,1,0,0,0,0,0,0,0,0,0,0,0,1,1,0,0,0,1,0,1,0,0,0,0,0,0,0,1
97,Entree Chicago Recommendation Data Data Set,50672.0,Other,0.0,3/9/2000,Yes,93464,0,0,0,0,0,0,1,0,0,0,0,1,1,1,0,0,0,1,0,0,0,0,0,0,0,0,0,0
98,Nursery Data Set,12960.0,Social,8.0,6/1/1997,No,199758,1,0,0,0,0,0,0,0,0,0,0,0,1,1,0,0,0,1,0,1,0,0,0,0,0,0,0,1
99,Lenses Data Set,24.0,Other,4.0,8/1/1990,No,173869,1,0,0,0,0,0,0,0,0,0,0,0,1,1,0,0,0,1,0,1,0,0,0,0,0,0,0,1
100,BAUM-2 Data Set,1047.0,Computer,0.0,11/9/2018,No,10518,0,1,0,0,0,0,0,0,0,0,0,0,1,0,0,0,1,1,0,1,0,0,0,0,0,0,0,1
101,"Reuters RCV1 RCV2 Multilingual, Multiview Text Categorization Test collection Data Set",111740.0,Life,0.0,9/6/2013,No,59985,1,0,0,0,0,0,0,0,0,0,0,0,1,0,1,0,0,1,0,1,0,0,0,0,0,0,0,1
102,NIPS Conference Papers 1987-2015 Data Set,11463.0,Computer,5812.0,11/23/2016,No,50319,0,0,0,0,0,0,0,0,0,0,1,0,0,0,0,1,0,1,0,0,0,0,0,0,0,0,1,0
104,Gas sensors for home activity monitoring Data Set,919438.0,Computer,11.0,7/15/2016,No,81785,1,1,0,0,0,0,0,0,0,0,0,0,2,0,1,0,0,1,0,1,0,0,0,0,0,0,0,1
105,CMU Face Images Data Set,640.0,Other,0.0,6/24/1999,Yes,148034,0,0,0,0,0,0,0,0,0,0,0,0,0,0,0,1,0,1,0,1,0,0,0,0,0,0,0,1
106,Musk (Version 1) Data Set,476.0,Physical,168.0,9/12/1994,No,66919,1,0,0,0,0,0,0,0,0,0,0,0,1,0,0,1,0,1,0,1,0,0,0,0,0,0,0,1
107,EEG Steady-State Visual Evoked Potential Signals Data Set,9200.0,Life,16.0,7/13/2018,No,33481,1,1,0,0,0,0,0,0,0,0,0,0,2,0,0,1,0,1,0,1,1,0,0,0,0,0,0,2
108,Twenty Newsgroups Data Set,20000.0,Other,0.0,9/9/1999,No,114232,0,0,0,0,0,0,0,0,0,0,1,0,0,0,0,0,1,1,0,0,0,0,0,0,0,1,0,0
109,Glass Identification Data Set,214.0,Physical,10.0,9/1/1987,No,348898,1,0,0,0,0,0,0,0,0,0,0,0,1,0,1,0,0,1,0,1,0,0,0,0,0,0,0,1
111,User Knowledge Modeling Data Set,403.0,Computer,5.0,6/26/2013,No,126250,1,0,0,0,0,0,0,0,0,0,0,0,1,0,0,1,0,1,0,1,0,0,0,0,0,0,1,1
112,Optical Recognition of Handwritten Digits Data Set,5620.0,Computer,64.0,7/1/1998,No,276536,1,0,0,0,0,0,0,0,0,0,0,0,1,0,0,1,0,1,0,1,0,0,0,0,0,0,0,1
113,Individual household electric power consumption Data Set,2075259.0,Physical,9.0,8/30/2012,Yes,366946,1,1,0,0,0,0,0,0,0,0,0,0,2,0,1,0,0,1,0,0,1,0,0,0,0,0,1,1
114,Primary Tumor Data Set,339.0,Life,17.0,11/1/1988,Yes,132154,1,0,0,0,0,0,0,0,0,0,0,0,1,1,0,0,0,1,0,1,0,0,0,0,0,0,0,1
115,EMG data for gestures Data Set,30000.0,Life,6.0,1/7/2019,No,48587,0,1,0,0,0,0,0,0,0,0,0,0,1,0,1,0,0,1,0,1,0,0,0,0,0,0,0,1
116,Hepatitis Data Set,155.0,Life,19.0,11/1/1988,Yes,256793,1,0,0,0,0,0,0,0,0,0,0,0,1,1,1,1,0,3,0,1,0,0,0,0,0,0,0,1
117,Syskill and Webert Web Page Ratings Data Set,332.0,Computer,5.0,10/20/1998,No,67595,1,0,0,0,0,0,0,0,0,0,1,0,1,1,0,0,0,1,0,1,0,0,0,0,0,0,0,1
118,Australian Sign Language signs (High Quality) Data Set,2565.0,Other,22.0,2/26/2002,No,112305,1,1,0,0,0,0,0,0,0,0,0,0,2,0,1,0,0,1,0,1,0,0,0,0,0,0,0,1
119,CalIt2 Building People Counts Data Set,10080.0,Other,4.0,12/1/2006,No,53914,1,1,0,0,0,0,0,0,0,0,0,0,2,1,0,1,0,2,0,0,0,0,0,0,0,1,0,0
120,HEPMASS Data Set,10500000.0,Physical,28.0,1/28/2016,No,63325,1,0,0,0,0,0,0,0,0,0,0,0,1,0,1,0,0,1,0,1,0,0,0,0,0,0,0,1
122,Paper Reviews Data Set,405.0,Computer,10.0,10/23/2017,Yes,50255,0,0,0,0,0,0,0,0,0,0,1,0,0,0,0,1,0,1,0,1,1,0,0,0,0,0,0,2
124,Demospongiae Data Set,503.0,Life,0.0,1/21/2010,Yes,55325,1,0,0,0,0,0,0,0,0,0,0,0,1,0,0,1,0,1,0,1,0,0,0,0,0,0,0,1
125,Roman Urdu Data Set Data Set,20000.0,Computer,2.0,8/29/2018,No,20633,0,0,0,0,0,0,0,0,0,0,1,0,0,0,0,0,1,1,0,1,0,0,0,0,0,0,0,1
126,URL Reputation Data Set,2396130.0,Computer,3231961.0,10/15/2009,No,138461,1,1,0,0,0,0,0,0,0,0,0,0,2,0,1,1,0,2,0,1,0,0,0,0,0,0,0,1
127,Dorothea Data Set,1950.0,Life,100000.0,2/29/2008,No,109176,1,0,0,0,0,0,0,0,0,0,0,0,1,0,0,1,0,1,0,1,0,0,0,0,0,0,0,1
128,UJI Pen Characters Data Set,1364.0,Computer,0.0,6/1/2007,No,97231,1,0,0,0,0,0,1,0,0,0,0,0,2,0,0,1,0,1,0,1,0,0,0,0,0,0,0,1
129,Urban Land Cover Data Set,168.0,Physical,148.0,3/27/2014,No,46854,1,0,0,0,0,0,0,0,0,0,0,0,1,0,0,0,1,1,0,1,0,0,0,0,0,0,0,1
130,Bias correction of numerical prediction model temperature forecast Data Set,7750.0,Physical,25.0,2/18/2020,Yes,14124,1,0,0,0,0,0,0,0,0,0,0,0,1,0,1,0,0,1,0,0,1,0,0,0,0,0,0,1
131,Breast Cancer Coimbra Data Set,116.0,Life,10.0,3/6/2018,No,88384,1,0,0,0,0,0,0,0,0,0,0,0,1,0,0,1,0,1,0,1,0,0,0,0,0,0,0,1
132,Firm-Teacher_Clave-Direction_Classification Data Set,10800.0,Other,20.0,4/24/2015,No,28904,1,0,0,0,0,0,0,0,0,0,0,0,1,0,0,0,1,1,0,1,0,0,0,0,0,0,0,1
133,PMU-UD Data Set,5180.0,Computer,9.0,8/5/2018,No,10405,0,0,0,0,0,0,0,0,1,0,0,0,1,0,0,0,1,1,0,1,0,0,0,0,0,0,0,1
134,Real-time Election Results: Portugal 2019 Data Set,21643.0,Social,29.0,12/5/2019,No,11800,1,1,0,0,0,0,0,0,0,0,1,0,2,0,1,1,0,2,0,0,1,0,0,0,0,0,0,1
135,Turkiye Student Evaluation Data Set,5820.0,Other,33.0,9/1/2013,No,99876,1,0,0,0,0,0,0,0,0,0,0,0,1,0,0,0,1,1,0,1,0,0,0,0,0,0,1,1
136,Online Retail II Data Set,1067371.0,Business,8.0,9/21/2019,Yes,71232,1,1,0,0,0,0,1,0,0,0,1,0,3,0,1,1,0,2,0,1,1,0,0,0,0,0,1,2
137,Bike Sharing Dataset Data Set,17389.0,Social,16.0,12/20/2013,No,491007,0,0,0,0,0,0,0,0,1,0,0,0,1,0,1,1,0,2,0,0,1,0,0,0,0,0,0,1
138,Gas sensor array under flow modulation Data Set,58.0,Computer,120432.0,9/10/2014,No,38476,1,1,0,0,0,0,0,0,0,0,0,0,2,0,1,0,0,1,0,1,1,0,0,0,0,0,0,2
139,Tamilnadu Electricity Board Hourly Readings Data Set,45781.0,Life,5.0,12/22/2013,No,74033,1,0,0,0,0,0,0,0,0,0,0,0,1,0,1,0,0,1,0,1,1,0,0,0,0,0,1,2
140,YouTube Spam Collection Data Set,1956.0,Computer,5.0,3/26/2017,No,81581,0,0,0,0,0,0,0,0,0,0,1,0,0,0,0,0,1,1,0,1,0,0,0,0,0,0,0,1
141,Bag of Words Data Set,8000000.0,Other,100000.0,3/12/2008,No,311733,0,0,0,0,0,0,0,0,0,0,1,0,0,0,0,1,0,1,0,0,0,0,0,0,0,0,1,0
142,Eco-hotel Data Set,401.0,Business,1.0,7/23/2017,No,37241,0,0,0,0,0,0,0,0,0,0,1,0,0,0,0,0,1,1,0,0,0,0,0,0,0,1,0,0
143,detection_of_IoT_botnet_attacks_N_BaIoT Data Set,7062606.0,Computer,115.0,3/19/2018,No,65524,1,0,0,0,0,0,1,0,0,0,0,0,2,0,1,0,0,1,0,1,0,0,0,0,0,0,1,1
144,OpinRank Review Dataset Data Set,0.0,Computer,0.0,7/26/2011,No,51010,0,0,0,0,0,0,0,0,0,0,1,0,0,0,0,0,1,1,0,0,0,0,0,0,0,1,0,0
145,BitcoinHeistRansomwareAddressDataset Data Set,2916697.0,Computer,10.0,6/17/2020,No,3669,1,1,0,0,0,0,0,0,0,0,0,0,2,0,1,1,0,2,0,1,0,0,0,0,0,0,1,1
146,Repeat Consumption Matrices Data Set,130000.0,Computer,21000.0,3/22/2018,No,21013,1,0,0,0,0,0,0,0,0,0,0,0,1,0,1,0,0,1,0,0,0,0,0,0,0,0,1,0
147,Restaurant & consumer data Data Set,138.0,Computer,47.0,8/4/2012,Yes,141767,1,0,0,0,0,0,0,0,0,0,0,0,1,0,0,0,1,1,0,0,0,0,0,0,0,1,0,0
148,HIV-1 protease cleavage Data Set,6590.0,Life,1.0,4/25/2015,No,60295,1,0,0,0,0,0,0,0,0,0,0,0,1,1,0,0,0,1,0,1,0,0,0,0,0,0,0,1
149,Avila Data Set,20867.0,Computer,10.0,6/20/2018,No,31304,1,0,0,0,0,0,0,0,0,0,0,0,1,0,1,0,0,1,0,1,0,0,0,0,0,0,0,1
150,Chess (King-Rook vs. King-Pawn) Data Set,3196.0,Game,36.0,8/1/1989,No,116780,1,0,0,0,0,0,0,0,0,0,0,0,1,1,0,0,0,1,0,1,0,0,0,0,0,0,0,1
151,DrivFace Data Set,606.0,Computer,6400.0,5/26/2016,No,35735,1,0,0,0,0,0,0,0,0,0,0,0,1,0,1,0,0,1,0,1,1,0,0,0,0,0,1,2
152,Website Phishing Data Set,1353.0,Computer,10.0,11/2/2016,No,83416,1,0,0,0,0,0,0,0,0,0,0,0,1,0,0,1,0,1,0,1,0,0,0,0,0,0,0,1
153,Breast Cancer Wisconsin (Original) Data Set,699.0,Life,10.0,7/15/1992,Yes,610312,1,0,0,0,0,0,0,0,0,0,0,0,1,0,0,1,0,1,0,1,0,0,0,0,0,0,0,1
154,Low Resolution Spectrometer Data Set,531.0,Physical,102.0,3/1/1988,No,53000,1,0,0,0,0,0,0,0,0,0,0,0,1,0,1,1,0,2,0,1,0,0,0,0,0,0,0,1
155,Reuter_50_50 Data Set,2500.0,Computer,10000.0,9/8/2011,No,65189,1,0,0,1,0,0,0,0,0,0,1,0,2,0,1,0,0,1,0,1,0,0,0,0,0,0,1,1
156,Kinship Data Set,104.0,Social,12.0,7/1/1990,No,76204,0,0,0,0,0,1,0,0,0,0,0,0,1,1,0,0,0,1,0,0,0,0,0,0,1,0,0,1
157,Localization Data for Person Activity Data Set,164860.0,Life,8.0,11/3/2010,No,105864,0,1,0,0,0,0,1,0,1,0,0,0,3,0,1,0,0,1,0,1,0,0,0,0,0,0,0,1
158,Combined Cycle Power Plant Data Set,9568.0,Computer,4.0,3/26/2014,No,167823,1,0,0,0,0,0,0,0,0,0,0,0,1,0,1,0,0,1,0,0,1,0,0,0,0,0,0,1
159,ISOLET Data Set,7797.0,Computer,617.0,9/12/1994,No,122817,1,0,0,0,0,0,0,0,0,0,0,0,1,0,1,0,0,1,0,1,0,0,0,0,0,0,0,1
160,Audiology (Original) Data Set,226.0,Life,0.0,12/3/1987,Yes,110441,1,0,0,0,0,0,0,0,0,0,0,0,1,1,0,0,0,1,0,1,0,0,0,0,0,0,0,1
161,NYSK Data Set,10421.0,Social,7.0,10/11/2013,No,53307,1,0,0,0,0,0,1,0,0,0,1,0,2,0,0,0,1,1,0,0,0,0,0,0,0,0,1,0
162,Dataset for ADL Recognition with Wrist-worn Accelerometer Data Set,0.0,Computer,3.0,2/11/2014,No,78994,1,1,0,0,0,0,0,0,0,0,0,0,2,0,0,0,1,1,0,1,0,0,0,0,0,0,1,1
163,Daily Demand Forecasting Orders Data Set,60.0,Business,13.0,11/21/2017,No,78216,0,1,0,0,0,0,0,0,0,0,0,0,1,0,0,1,0,1,0,0,1,0,0,0,0,0,0,1
164,Burst Header Packet (BHP) flooding attack on Optical Burst Switching (OBS) Network Data Set,1075.0,Computer,22.0,8/28/2017,No,30223,0,0,0,0,0,0,0,0,0,0,1,0,0,0,0,1,0,1,0,1,0,0,0,0,0,0,0,1
165,Parkinson Speech Dataset with  Multiple Types of Sound Recordings Data Set,1040.0,Life,26.0,6/12/2014,No,99046,1,0,0,0,0,0,0,0,0,0,0,0,1,0,1,1,0,2,0,1,1,0,0,0,0,0,0,2
166,Shuttle Landing Control Data Set,15.0,Physical,6.0,11/1/1988,No,103637,1,0,0,0,0,0,0,0,0,0,0,0,1,1,0,0,0,1,0,1,0,0,0,0,0,0,0,1
167,Statlog (Image Segmentation) Data Set,2310.0,Other,19.0,11/1/1990,No,61416,1,0,0,0,0,0,0,0,0,0,0,0,1,0,1,0,0,1,0,1,0,0,0,0,0,0,0,1
168,Molecular Biology (Splice-junction Gene Sequences) Data Set,3190.0,Life,61.0,1/1/1992,No,101540,0,0,0,1,0,0,1,0,0,0,0,0,2,1,0,0,0,1,0,1,0,0,0,0,0,0,0,1
169,Amazon Commerce reviews set Data Set,1500.0,Physical,10000.0,6/11/2011,No,198876,1,0,0,1,0,0,0,0,0,0,1,0,2,0,1,0,0,1,0,1,0,0,0,0,0,0,0,1
170,User Identification From Walking Activity Data Set,0.0,Other,0.0,3/2/2014,No,73025,0,1,0,0,0,0,1,0,1,0,0,0,3,0,1,0,0,1,0,1,0,0,0,0,0,0,1,1
171,Query Analytics Workloads Dataset Data Set,260000.0,Computer,8.0,6/22/2019,No,13923,1,0,0,0,0,0,0,0,0,0,0,0,1,0,1,0,0,1,0,0,1,0,0,0,0,0,1,1
172,Abscisic Acid Signaling Network Data Set,300.0,Life,43.0,4/3/2008,No,56272,1,0,0,0,0,0,0,0,0,0,0,0,1,0,0,1,0,1,1,0,0,0,0,0,0,0,0,1
173,Wilt Data Set,4889.0,Life,6.0,3/13/2014,No,59614,1,0,0,0,0,0,0,0,0,0,0,0,1,0,0,0,1,1,0,1,0,0,0,0,0,0,0,1
174,MoCap Hand Postures Data Set,78095.0,Computer,38.0,11/22/2016,Yes,21558,1,0,0,0,0,0,0,0,0,0,0,0,1,0,1,1,0,2,0,1,0,0,0,0,0,0,1,1
176,Madelon Data Set,4400.0,Other,500.0,2/29/2008,No,135366,1,0,0,0,0,0,0,0,0,0,0,0,1,0,1,0,0,1,0,1,0,0,0,0,0,0,0,1
177,Contraceptive Method Choice Data Set,1473.0,Life,9.0,7/7/1997,No,194079,1,0,0,0,0,0,0,0,0,0,0,0,1,1,0,1,0,2,0,1,0,0,0,0,0,0,0,1
178,Newspaper and magazine images segmentation dataset Data Set,101.0,Computer,0.0,7/15/2014,No,27601,0,0,0,0,0,0,0,0,0,0,0,0,0,0,0,0,1,1,0,1,0,0,0,0,0,0,0,1
179,Chronic_Kidney_Disease Data Set,400.0,Other,25.0,7/3/2015,Yes,170935,1,0,0,0,0,0,0,0,0,0,0,0,1,0,1,0,0,1,0,1,0,0,0,0,0,0,0,1
180,Bach Choral Harmony Data Set,5665.0,Other,17.0,5/20/2014,No,49594,0,0,0,0,0,0,1,0,0,0,0,0,1,0,0,0,1,1,0,1,0,0,0,0,0,0,0,1
181,Ultrasonic flowmeter diagnostics Data Set,540.0,Computer,173.0,1/13/2018,No,16637,1,0,0,0,0,0,0,0,0,0,0,0,1,0,1,0,0,1,0,1,0,0,0,0,0,0,0,1
182,KDC-4007 dataset Collection Data Set,4007.0,Computer,0.0,4/27/2017,No,31104,1,0,0,0,0,0,0,0,0,0,1,0,1,0,0,1,0,1,0,1,1,0,0,0,0,0,0,2
183,Synthetic Control Chart Time Series Data Set,600.0,Other,0.0,6/8/1999,No,80071,0,1,0,0,0,0,0,0,0,0,0,0,1,0,1,0,0,1,0,1,0,0,0,0,0,0,1,1
184,First-order theorem proving Data Set,6118.0,Computer,51.0,4/17/2013,No,42987,1,0,0,0,0,0,0,0,0,0,0,0,1,0,1,0,0,1,0,1,0,0,0,0,0,0,0,1
185,Online Retail Data Set,541909.0,Business,8.0,11/6/2015,No,489566,1,1,0,0,0,0,1,0,0,0,0,0,3,0,1,1,0,2,0,1,0,0,0,0,0,0,1,1
186,Semeion Handwritten Digit Data Set,1593.0,Computer,256.0,11/11/2008,No,127767,1,0,0,0,0,0,0,0,0,0,0,0,1,0,0,1,0,1,0,1,0,0,0,0,0,0,0,1
187,HTRU2 Data Set,17898.0,Physical,9.0,2/14/2017,No,61898,1,0,0,0,0,0,0,0,0,0,0,0,1,0,1,0,0,1,0,1,0,0,0,0,0,0,1,1
188,Superconductivty Data Data Set,21263.0,Physical,81.0,10/12/2018,No,42447,1,0,0,0,0,0,0,0,0,0,0,0,1,0,1,0,0,1,0,0,1,0,0,0,0,0,0,1
189,MiniBooNE particle identification Data Set,130065.0,Physical,50.0,12/13/2010,No,52085,1,0,0,0,0,0,0,0,0,0,0,0,1,0,1,0,0,1,0,1,0,0,0,0,0,0,0,1
190,banknote authentication Data Set,1372.0,Computer,5.0,4/16/2013,No,252153,1,0,0,0,0,0,0,0,0,0,0,0,1,0,1,0,0,1,0,1,0,0,0,0,0,0,0,1
191,Zoo Data Set,101.0,Life,17.0,5/15/1990,No,320027,1,0,0,0,0,0,0,0,0,0,0,0,1,1,0,1,0,2,0,1,0,0,0,0,0,0,0,1
192,Gas sensor arrays in open sampling settings Data Set,18000.0,Computer,1950000.0,6/5/2013,No,46026,1,1,0,0,0,0,0,0,0,0,0,0,2,0,1,0,0,1,0,1,0,0,0,0,0,0,0,1
193,Gesture Phase Segmentation Data Set,9900.0,Other,50.0,6/18/2014,No,52373,1,1,0,0,0,0,1,0,0,0,0,0,3,0,1,0,0,1,0,1,0,0,0,0,0,0,1,1
194,"USPTO Algorithm Challenge, run by NASA-Harvard Tournament Lab and TopCoder    Problem: Pat Data Set",306.0,Other,5.0,10/13/2013,No,33422,0,0,0,1,0,0,0,0,0,0,0,0,1,0,0,1,0,1,0,1,0,0,0,0,0,0,0,1
195,Record Linkage Comparison Patterns Data Set,5749132.0,Other,12.0,3/10/2011,Yes,80492,1,0,0,0,0,0,0,0,0,0,0,0,1,0,1,0,0,1,0,1,0,0,0,0,0,0,0,1
196,Facebook Comment Volume Dataset Data Set,40949.0,Other,54.0,3/11/2016,No,93028,1,0,0,0,0,0,0,0,0,0,0,0,1,0,1,1,0,2,0,0,1,0,0,0,0,0,0,1
197,QSAR fish toxicity Data Set,908.0,Physical,7.0,9/23/2019,No,25505,1,0,0,0,0,0,0,0,0,0,0,0,1,0,1,0,0,1,0,0,1,0,0,0,0,0,0,1
198,microblogPCU Data Set,221579.0,Computer,20.0,3/17/2015,Yes,49525,1,0,0,0,0,0,1,0,1,0,1,0,3,0,1,1,0,2,1,1,0,0,0,0,0,0,0,2
199,ISTANBUL STOCK EXCHANGE Data Set,536.0,Business,8.0,6/1/2013,No,136096,1,1,0,0,0,0,0,0,1,0,0,0,3,0,1,0,0,1,0,1,1,0,0,0,0,0,0,2
200,Arcene Data Set,900.0,Life,10000.0,2/29/2008,No,133134,1,0,0,0,0,0,0,0,0,0,0,0,1,0,1,0,0,1,0,1,0,0,0,0,0,0,0,1
201,SkillCraft1 Master Table Dataset Data Set,3395.0,Game,20.0,10/22/2013,Yes,63836,1,0,0,0,0,0,0,0,0,0,0,0,1,0,1,1,0,2,0,0,1,0,0,0,0,0,0,1
202,Acute Inflammations Data Set,120.0,Life,6.0,2/11/2009,No,175129,1,0,0,0,0,0,0,0,0,0,0,0,1,1,0,1,0,2,0,1,0,0,0,0,0,0,0,1
203,Movie Data Set,10000.0,Other,0.0,7/7/1999,Yes,209087,1,0,0,0,0,1,0,0,0,0,0,0,2,0,0,0,1,1,0,0,0,0,0,0,0,1,0,0
204,QSAR oral toxicity Data Set,8992.0,Physical,1024.0,10/1/2019,No,6042,1,0,0,0,0,0,0,0,0,0,0,0,1,0,0,0,1,1,0,1,0,0,0,0,0,0,0,1
205,Epileptic Seizure Recognition Data Set,11500.0,Life,179.0,5/24/2017,No,110617,1,1,0,0,0,0,0,0,0,0,0,0,2,0,1,1,0,2,0,1,0,0,0,0,0,0,1,1
206,Dow Jones Index Data Set,750.0,Business,16.0,10/23/2014,No,211539,0,1,0,0,0,0,0,0,0,0,0,0,1,0,1,1,0,2,0,1,0,0,0,0,0,0,1,1
207,Vertebral Column Data Set,310.0,Other,6.0,8/9/2011,No,170386,1,0,0,0,0,0,0,0,0,0,0,0,1,0,1,0,0,1,0,1,0,0,0,0,0,0,0,1
209,GNFUV Unmanned Surface Vehicles Sensor Data Set 2 Data Set,10190.0,Computer,6.0,9/13/2018,Yes,9780,1,1,0,0,0,0,1,0,0,0,0,0,3,0,1,0,0,1,0,0,1,0,0,0,0,0,0,1
210,Ionosphere Data Set,351.0,Physical,34.0,1/1/1989,No,231746,1,0,0,0,0,0,0,0,0,0,0,0,1,0,1,1,0,2,0,1,0,0,0,0,0,0,0,1
211,UJIIndoorLoc Data Set,21048.0,Computer,529.0,9/18/2014,No,97057,1,0,0,0,0,0,0,0,0,0,0,0,1,0,1,1,0,2,0,1,1,0,0,0,0,0,0,2
212,Dresses_Attribute_Sales Data Set,501.0,Computer,13.0,2/19/2014,Yes,109679,0,0,0,0,0,0,0,0,0,0,1,0,0,0,0,0,1,1,0,1,0,0,0,0,0,0,1,1
213,"Taxi Service Trajectory - Prediction Challenge, ECML PKDD 2015 Data Set",1710671.0,Computer,9.0,7/11/2015,Yes,81736,1,1,0,1,0,0,1,0,0,0,0,0,4,0,1,0,0,1,1,0,0,0,0,0,0,0,1,1
214,IDA2016Challenge Data Set,76000.0,Computer,171.0,1/17/2017,Yes,16487,1,0,0,0,0,0,0,0,0,0,0,0,1,0,0,1,0,1,0,1,0,0,0,0,0,0,0,1
215,Travel Reviews Data Set,980.0,Other,11.0,12/19/2018,No,70477,1,0,0,0,0,0,0,0,0,0,1,0,1,0,1,0,0,1,0,1,0,0,0,0,0,0,1,1
216,QSAR Bioconcentration classes dataset Data Set,779.0,Life,14.0,10/11/2019,No,5677,1,0,0,0,0,0,0,0,0,0,0,0,1,0,0,0,1,1,0,1,1,0,0,0,0,0,0,2
217,Letter Recognition Data Set,20000.0,Computer,16.0,1/1/1991,No,391541,1,0,0,0,0,0,0,0,0,0,0,0,1,0,0,1,0,1,0,1,0,0,0,0,0,0,0,1
218,Polish companies bankruptcy data Data Set,10503.0,Business,64.0,4/11/2016,Yes,104739,1,0,0,0,0,0,0,0,0,0,0,0,1,0,1,0,0,1,0,1,0,0,0,0,0,0,0,1
219,Simulated Falls and Daily Living Activities Data Set Data Set,3060.0,Life,138.0,6/6/2018,Yes,79305,0,1,0,0,0,0,0,0,0,0,0,0,1,0,0,1,0,1,0,1,0,0,0,0,0,0,0,1
220,Behavior of the urban traffic of the city of Sao Paulo in Brazil Data Set,135.0,Computer,18.0,12/12/2018,No,46554,1,1,0,0,0,0,0,0,0,0,0,0,2,0,1,1,0,2,0,1,1,0,0,0,0,0,0,2
221,Detect Malacious Executable(AntiVirus) Data Set,373.0,Computer,513.0,3/3/2016,Yes,256103,1,0,0,0,0,0,0,0,0,0,0,0,1,0,1,0,0,1,0,1,0,0,0,0,0,0,0,1
222,Physicochemical Properties of Protein Tertiary Structure Data Set,45730.0,Life,9.0,3/31/2013,No,54975,1,0,0,0,0,0,0,0,0,0,0,0,1,0,1,0,0,1,0,0,1,0,0,0,0,0,0,1
223,Census-Income (KDD) Data Set,299285.0,Social,40.0,3/7/2000,Yes,174212,1,0,0,0,0,0,0,0,0,0,0,0,1,1,0,1,0,2,0,1,0,0,0,0,0,0,0,1
224,PM2.5 Data of Five Chinese Cities Data Set,52854.0,Physical,86.0,7/18/2017,Yes,83868,1,1,0,0,0,0,0,0,0,0,0,0,2,0,1,1,0,2,0,0,1,0,0,0,0,0,0,1
225,seeds Data Set,210.0,Life,7.0,9/29/2012,No,307657,1,0,0,0,0,0,0,0,0,0,0,0,1,0,1,0,0,1,0,1,0,0,0,0,0,0,1,1
226,Human Activity Recognition from Continuous Ambient Sensor Data Data Set,13956534.0,Other,37.0,9/20/2019,Yes,22345,1,1,0,0,0,0,1,0,0,0,0,0,3,0,1,1,0,2,0,1,0,0,0,0,0,0,0,1
227,chipseq Data Set,4960.0,Life,0.0,2/21/2018,No,20770,0,0,0,0,0,0,1,0,0,0,0,0,1,0,0,1,0,1,0,1,0,0,0,0,0,0,0,1
228,Sentence Classification Data Set,0.0,Other,0.0,11/5/2014,No,75977,0,0,0,0,0,0,0,0,0,0,1,0,0,0,0,1,0,1,0,1,0,0,0,0,0,0,0,1
229,Deepfakes: Medical Image Tamper Detection Data Set,20000.0,Computer,200000.0,3/11/2020,No,2160,1,0,0,0,0,0,0,0,0,0,0,0,1,0,1,0,0,1,0,1,0,0,0,0,0,0,0,1
230,One-hundred plant species leaves data set Data Set,1600.0,Life,64.0,12/3/2012,No,71803,0,0,0,0,0,0,0,0,0,0,0,0,0,0,1,0,0,1,0,1,0,0,0,0,0,0,0,1
231,Predict keywords activities in a online social media Data Set,51.0,Computer,35.0,12/12/2013,No,45147,1,1,0,0,0,0,1,0,0,0,0,0,3,0,1,1,0,2,0,0,0,0,0,0,0,1,0,0
232,Autism Screening Adult Data Set,704.0,Social,21.0,12/24/2017,Yes,59277,0,0,0,0,0,0,0,0,0,0,0,0,0,0,0,1,0,1,0,1,0,0,0,0,0,0,0,1
233,Thoracic Surgery Data Data Set,470.0,Life,17.0,11/13/2013,No,100717,1,0,0,0,0,0,0,0,0,0,0,0,1,0,1,1,0,2,0,1,0,0,0,0,0,0,0,1
234,Diabetic Retinopathy Debrecen Data Set Data Set,1151.0,Life,20.0,11/3/2014,No,107541,1,0,0,0,0,0,0,0,0,0,0,0,1,0,1,1,0,2,0,1,0,0,0,0,0,0,0,1
235,Energy efficiency Data Set,768.0,Computer,8.0,11/30/2012,No,306615,1,0,0,0,0,0,0,0,0,0,0,0,1,0,1,1,0,2,0,1,1,0,0,0,0,0,0,2
236,BAUM-1 Data Set,1184.0,Computer,0.0,11/9/2018,No,15585,0,1,0,0,0,0,0,0,0,0,0,0,1,0,0,0,1,1,0,1,0,0,0,0,0,0,0,1
237,Breast Cancer Data Set,286.0,Life,9.0,7/11/1988,Yes,483461,1,0,0,0,0,0,0,0,0,0,0,0,1,1,0,0,0,1,0,1,0,0,0,0,0,0,0,1
238,Cuff-Less Blood Pressure Estimation Data Set,12000.0,Life,3.0,7/27/2015,Yes,114087,1,0,0,0,0,0,0,0,0,0,0,0,1,0,1,0,0,1,0,1,1,0,0,0,0,0,0,2
239,Sports articles for objectivity analysis Data Set,1000.0,Social,59.0,4/9/2018,No,34490,1,0,0,0,0,0,0,0,0,0,1,0,1,0,0,1,0,1,0,1,0,0,0,0,0,0,0,1
240,Tennis Major Tournament Match Statistics Data Set,127.0,Other,42.0,6/1/2014,Yes,100483,1,0,0,0,0,0,0,0,0,0,0,0,1,0,1,1,0,2,0,1,1,0,0,0,0,0,1,2
241,Internet Usage Data Data Set,10104.0,Computer,72.0,6/30/1999,No,115756,1,0,0,0,0,0,0,0,0,0,0,0,1,1,0,1,0,2,0,0,0,0,0,0,0,1,0,0
242,Qualitative_Bankruptcy Data Set,250.0,Computer,7.0,2/9/2014,No,80820,1,0,0,0,0,0,0,0,0,0,0,0,1,0,0,0,1,1,0,1,0,0,0,0,0,0,0,1
243,Activity recognition with healthy older people using a batteryless wearable sensor Data Set,75128.0,Life,9.0,12/12/2016,No,34214,0,0,0,0,0,0,1,0,0,0,0,0,1,0,1,0,0,1,0,1,0,0,0,0,0,0,0,1
244,WISDM Smartphone and Smartwatch Activity and Biometrics Dataset  Data Set,15630426.0,Computer,6.0,10/6/2019,No,55928,1,1,0,0,0,0,0,0,0,0,0,0,2,0,1,0,0,1,0,1,0,0,0,0,0,0,0,1
245,Condition monitoring of hydraulic systems Data Set,2205.0,Computer,43680.0,4/26/2018,No,50265,1,1,0,0,0,0,0,0,0,0,0,0,2,0,1,0,0,1,0,1,1,0,0,0,0,0,0,2
246,M. Tuberculosis Genes Data Set,0.0,Life,0.0,7/14/2001,No,37898,0,0,0,0,0,1,0,0,0,0,0,0,1,0,0,0,1,1,0,0,0,0,0,0,0,1,0,0
247,Exasens Data Set,399.0,Life,4.0,4/22/2020,Yes,2686,1,0,0,0,0,0,0,0,0,0,0,0,1,0,0,1,0,1,0,1,0,0,0,0,0,0,1,1
248,Leaf Data Set,340.0,Computer,16.0,2/24/2014,No,125370,1,0,0,0,0,0,0,0,0,0,0,0,1,0,1,0,0,1,0,1,0,0,0,0,0,0,0,1
249,YearPredictionMSD Data Set,515345.0,Other,90.0,2/7/2011,No,177558,1,0,0,0,0,0,0,0,0,0,0,0,1,0,1,0,0,1,0,0,1,0,0,0,0,0,0,1
250,Weight Lifting Exercises monitored with Inertial Measurement Units Data Set,39242.0,Physical,152.0,11/24/2013,Yes,44682,1,0,0,0,0,0,0,0,0,0,0,0,1,0,1,0,0,1,0,1,0,0,0,0,0,0,0,1
251,Educational Process Mining (EPM): A Learning Analytics Data Set Data Set,230318.0,Computer,13.0,9/24/2015,No,99191,1,1,0,0,0,0,1,0,0,0,0,0,3,0,0,1,0,1,0,1,1,0,0,0,0,0,1,2
252,Dynamic Features of VirusShare Executables Data Set,107888.0,Computer,482.0,11/29/2017,No,29847,1,1,0,0,0,0,0,0,0,0,0,0,2,0,0,1,0,1,0,1,1,0,0,0,0,0,0,2
253,El Nino Data Set,178080.0,Physical,12.0,6/30/1999,Yes,99495,0,0,0,0,0,0,0,0,0,1,0,0,1,0,1,1,0,2,0,0,0,0,0,0,0,1,0,0
254,Z-Alizadeh Sani Data Set,303.0,Life,56.0,11/17/2017,No,21616,0,0,0,0,0,0,0,0,0,0,0,0,0,0,1,1,0,2,0,1,0,0,0,0,0,0,0,1
255,Concrete Compressive Strength Data Set,1030.0,Physical,9.0,8/3/2007,No,206112,1,0,0,0,0,0,0,0,0,0,0,0,1,0,1,0,0,1,0,0,1,0,0,0,0,0,0,1
256,ElectricityLoadDiagrams20112014 Data Set,370.0,Computer,140256.0,3/13/2015,No,73895,0,1,0,0,0,0,0,0,0,0,0,0,1,0,1,0,0,1,0,0,1,0,0,0,0,0,1,1
257,Real estate valuation data set Data Set,414.0,Business,7.0,8/18/2018,No,72976,1,0,0,0,0,0,0,0,0,0,0,0,1,0,1,1,0,2,0,0,1,0,0,0,0,0,0,1
258,NoisyOffice Data Set,216.0,Computer,216.0,1/3/2015,No,66866,1,0,0,0,0,0,0,0,0,0,0,0,1,0,1,0,0,1,0,1,1,0,0,0,0,0,0,2
259,YouTube Comedy Slam Preference Data Data Set,1138562.0,Computer,3.0,4/10/2012,No,92322,0,0,0,0,0,0,0,0,0,0,1,0,0,0,0,0,1,1,0,1,0,0,0,0,0,0,0,1
260,Bank Marketing Data Set,45211.0,Business,17.0,2/14/2012,No,1238325,1,0,0,0,0,0,0,0,0,0,0,0,1,0,1,0,0,1,0,1,0,0,0,0,0,0,0,1
261,A study of  Asian Religious and Biblical Texts Data Set,590.0,Social,8265.0,12/24/2019,No,16938,1,0,0,0,0,0,0,0,0,0,1,0,1,0,0,1,0,1,0,1,0,0,0,0,0,0,1,1
263,Ozone Level Detection Data Set,2536.0,Physical,73.0,4/21/2008,Yes,138784,1,1,0,0,0,0,1,0,0,0,0,0,3,0,1,0,0,1,0,1,0,0,0,0,0,0,0,1
264,YouTube Multiview Video Games Dataset Data Set,120000.0,Computer,1000000.0,10/16/2013,Yes,128065,1,0,0,0,0,0,0,0,0,0,1,0,1,0,1,1,0,2,0,1,0,0,0,0,0,0,1,1
265,QSAR biodegradation Data Set,1055.0,Other,41.0,6/21/2013,No,47400,1,0,0,0,0,0,0,0,0,0,0,0,1,0,1,1,0,2,0,1,0,0,0,0,0,0,0,1
266,Cargo 2000 Freight Tracking and Tracing Data Set,3942.0,Business,98.0,11/3/2016,Yes,42627,1,0,0,0,0,0,1,0,0,0,0,0,2,0,0,1,0,1,0,1,1,0,0,0,0,0,0,2
267,CSM (Conventional and Social Media Movies) Dataset 2014 and 2015 Data Set,217.0,Computer,12.0,10/11/2017,Yes,30471,1,0,0,0,0,0,0,0,0,0,0,0,1,0,0,1,0,1,0,1,1,0,0,0,0,0,0,2
268,Twitter Data set for Arabic Sentiment Analysis Data Set,2000.0,Social,2.0,4/11/2014,No,90919,0,0,0,0,0,0,0,0,0,0,1,0,0,0,0,0,1,1,0,1,0,0,0,0,0,0,0,1
269,Soybean (Large) Data Set,307.0,Life,35.0,7/11/1988,Yes,127503,1,0,0,0,0,0,0,0,0,0,0,0,1,1,0,0,0,1,0,1,0,0,0,0,0,0,0,1
270,Activity Recognition from Single Chest-Mounted Accelerometer Data Set,0.0,Other,0.0,3/2/2014,No,110972,0,1,0,0,0,0,1,0,1,0,0,0,3,0,1,0,0,1,0,1,0,0,0,0,0,0,1,1
271,Trains Data Set,10.0,Other,32.0,6/24/1994,No,154933,1,0,0,0,0,0,0,0,0,0,0,0,1,1,0,0,0,1,0,1,0,0,0,0,0,0,0,1
272,Connect-4 Data Set,67557.0,Game,42.0,2/4/1995,No,162184,1,0,0,0,0,0,0,1,0,0,0,0,2,1,0,0,0,1,0,1,0,0,0,0,0,0,0,1
273,Audiology (Standardized) Data Set,226.0,Life,69.0,8/18/1992,Yes,105605,1,0,0,0,0,0,0,0,0,0,0,0,1,1,0,0,0,1,0,1,0,0,0,0,0,0,0,1
274,Diabetes 130-US hospitals for years 1999-2008 Data Set,100000.0,Life,55.0,5/3/2014,Yes,313855,1,0,0,0,0,0,0,0,0,0,0,0,1,0,0,1,0,1,0,1,0,0,0,0,0,0,1,1
275,Balance Scale Data Set,625.0,Social,4.0,4/22/1994,No,255105,1,0,0,0,0,0,0,0,0,0,0,0,1,1,0,0,0,1,0,1,0,0,0,0,0,0,0,1
276,Stock portfolio performance Data Set,315.0,Business,12.0,4/22/2016,No,64432,1,0,0,0,0,0,0,0,0,0,0,0,1,0,1,0,0,1,0,0,1,0,0,0,0,0,0,1
277,OPPORTUNITY Activity Recognition Data Set,2551.0,Computer,242.0,6/9/2012,Yes,98464,1,1,0,0,0,0,0,0,0,0,0,0,2,0,1,0,0,1,0,1,0,0,0,0,0,0,0,1
278,Wearable Computing: Classification of Body Postures and Movements (PUC-Rio) Data Set,165632.0,Computer,18.0,4/9/2013,No,58904,0,0,0,0,0,0,1,0,0,0,0,0,1,0,1,1,0,2,0,1,0,0,0,0,0,0,0,1
279,UJIIndoorLoc-Mag Data Set,40000.0,Computer,13.0,9/10/2015,No,42843,1,1,0,0,0,0,1,0,0,0,0,0,3,0,1,1,0,2,0,1,1,0,0,0,0,0,1,2
280,Pseudo Periodic Synthetic Time Series Data Set,100000.0,Other,0.0,2/8/1999,No,45606,0,1,0,0,0,0,0,0,1,0,0,0,2,0,0,0,1,1,0,0,0,0,0,0,0,1,0,0
281,Lymphography Data Set,148.0,Life,18.0,11/1/1988,No,89642,1,0,0,0,0,0,0,0,0,0,0,0,1,1,0,0,0,1,0,1,0,0,0,0,0,0,0,1
282,Multimodal Damage Identification for Humanitarian Computing Data Set,5879.0,Social,0.0,6/1/2018,No,11981,1,0,0,0,0,0,0,0,0,0,1,0,1,0,0,1,0,1,0,1,0,0,0,0,0,0,0,1
284,Perfume Data Data Set,560.0,Computer,2.0,7/22/2014,No,141055,0,0,0,1,0,0,0,0,1,0,0,0,2,0,0,1,0,1,0,1,0,0,0,0,0,0,1,1
285,seismic-bumps Data Set,2584.0,Other,19.0,4/3/2013,No,65730,1,0,0,0,0,0,0,0,0,0,0,0,1,0,1,0,0,1,0,1,0,0,0,0,0,0,0,1
286,Cervical cancer (Risk Factors) Data Set,858.0,Life,36.0,3/3/2017,Yes,122086,1,0,0,0,0,0,0,0,0,0,0,0,1,0,1,1,0,2,0,1,0,0,0,0,0,0,0,1
287,DeliciousMIL: A Data Set for Multi-Label Multi-Instance Learning with Instance Labels Data Set,12234.0,Computer,8519.0,10/27/2016,No,17999,0,0,0,0,0,0,0,0,0,0,1,0,0,0,0,1,0,1,0,1,0,0,0,0,0,0,0,1
288,Data for Software Engineering Teamwork Assessment in Education Setting Data Set,74.0,Computer,102.0,6/29/2017,Yes,34643,0,1,0,0,0,0,1,0,0,0,0,0,2,0,1,1,0,2,0,1,0,0,0,0,0,0,0,1
289,MicroMass Data Set,931.0,Life,1300.0,8/12/2013,No,47083,1,0,0,0,0,0,0,0,0,0,0,0,1,0,1,0,0,1,0,1,0,0,0,0,0,0,0,1
291,MEU-Mobile KSD Data Set,2856.0,Computer,71.0,5/14/2016,No,12518,1,0,0,0,0,0,0,0,0,0,0,0,1,0,1,1,0,2,0,1,0,0,0,0,0,0,0,1
292,Vicon Physical Action Data Set Data Set,3000.0,Physical,27.0,7/27/2011,No,52601,0,1,0,0,0,0,0,0,0,0,0,0,1,0,1,0,0,1,0,1,0,0,0,0,0,0,0,1
293,Dodgers Loop Sensor Data Set,50400.0,Other,3.0,12/1/2006,Yes,74324,1,1,0,0,0,0,0,0,0,0,0,0,2,1,0,1,0,2,0,0,0,0,0,0,0,1,0,0
295,Character Font Images Data Set,745000.0,Computer,411.0,8/14/2016,No,33009,1,0,0,0,0,0,0,0,0,0,0,0,1,0,1,1,0,2,0,1,0,0,0,0,0,0,0,1
296,Japanese Credit Screening Data Set,125.0,Financial,0.0,3/19/1992,No,107379,1,0,0,1,0,0,0,0,0,0,0,0,2,1,1,1,0,3,0,1,0,0,0,0,0,0,0,1
297,Forest type mapping Data Set,326.0,Life,27.0,5/25/2015,No,58991,1,0,0,0,0,0,0,0,0,0,0,0,1,0,0,0,1,1,0,1,0,0,0,0,0,0,0,1
298,Dexter Data Set,2600.0,Other,20000.0,2/29/2008,No,103395,1,0,0,0,0,0,0,0,0,0,0,0,1,0,0,1,0,1,0,1,0,0,0,0,0,0,0,1
300,E. Coli Genes Data Set,0.0,Life,0.0,7/14/2001,Yes,48095,0,0,0,0,0,1,0,0,0,0,0,0,1,0,0,0,1,1,0,0,0,0,0,0,0,1,0,0
301,SPECTF Heart Data Set,267.0,Life,44.0,10/1/2001,No,93748,1,0,0,0,0,0,0,0,0,0,0,0,1,0,0,1,0,1,0,1,0,0,0,0,0,0,0,1
302,LSVT Voice Rehabilitation Data Set,126.0,Life,309.0,2/19/2014,No,34377,1,0,0,0,0,0,0,0,0,0,0,0,1,0,1,0,0,1,0,1,0,0,0,0,0,0,0,1
303,Student Academics Performance Data Set,300.0,Computer,22.0,9/16/2018,No,64126,1,0,0,0,0,0,0,0,0,0,0,0,1,0,0,0,1,1,0,1,0,0,0,0,0,0,0,1
304,2.4 GHZ Indoor Channel Measurements Data Set,7840.0,Computer,5.0,11/30/2018,No,57409,1,0,0,0,0,0,0,0,0,0,0,0,1,0,1,0,0,1,0,1,0,0,0,0,0,0,0,1
305,Occupancy Detection  Data Set,20560.0,Computer,7.0,2/29/2016,No,141182,1,1,0,0,0,0,0,0,0,0,0,0,2,0,1,0,0,1,0,1,0,0,0,0,0,0,0,1
306,Wine Quality Data Set,4898.0,Business,12.0,10/7/2009,No,1267393,1,0,0,0,0,0,0,0,0,0,0,0,1,0,1,0,0,1,0,1,1,0,0,0,0,0,0,2
307,Solar Flare Data Set,1389.0,Physical,10.0,3/1/1989,No,149151,1,0,0,0,0,0,0,0,0,0,0,0,1,1,0,0,0,1,0,0,1,0,0,0,0,0,0,1
308,Page Blocks Classification Data Set,5473.0,Computer,10.0,7/1/1995,No,97928,1,0,0,0,0,0,0,0,0,0,0,0,1,0,1,1,0,2,0,1,0,0,0,0,0,0,0,1
309,Geographical Original of Music Data Set,1059.0,Other,68.0,10/18/2014,No,86578,1,0,0,0,0,0,0,0,0,0,0,0,1,0,1,0,0,1,0,1,1,0,0,0,0,0,0,2
310,Autistic Spectrum Disorder Screening Data for Adolescent    Data Set,104.0,Life,21.0,12/24/2017,Yes,30147,1,0,0,0,0,0,0,0,0,0,0,0,1,0,0,1,0,1,0,1,0,0,0,0,0,0,0,1
311,Horse Colic Data Set,368.0,Life,27.0,8/6/1989,Yes,147494,1,0,0,0,0,0,0,0,0,0,0,0,1,1,1,1,0,3,0,1,0,0,0,0,0,0,0,1
312,Motion Capture Hand Postures Data Set,78095.0,Computer,38.0,1/27/2017,Yes,29244,1,0,0,0,0,0,0,0,0,0,0,0,1,0,1,0,0,1,0,1,0,0,0,0,0,0,1,1
314,Gas sensor array exposed to turbulent gas mixtures Data Set,180.0,Computer,150000.0,10/10/2014,No,41327,1,1,0,0,0,0,0,0,0,0,0,0,2,0,1,0,0,1,0,1,1,0,0,0,0,0,0,2
315,Mturk User-Perceived Clusters over Images Data Set,180.0,Computer,500.0,11/2/2016,No,8734,1,0,0,0,0,0,0,0,0,0,1,0,1,0,0,1,0,1,0,0,0,0,0,0,0,0,1,0
316,Pioneer-1 Mobile Robot Data Data Set,0.0,Computer,0.0,1/28/1999,No,39123,1,1,0,0,0,0,0,0,0,0,0,0,2,1,1,0,0,2,0,0,0,0,0,0,0,1,0,0
317,Health News in Twitter Data Set,58000.0,Computer,25000.0,2/19/2018,No,48814,0,0,0,0,0,0,0,0,0,0,1,0,0,0,1,0,0,1,0,0,0,0,0,0,0,0,1,0
319,Quality Assessment of Digital Colposcopies Data Set,287.0,Life,69.0,3/8/2017,No,19579,1,0,0,0,0,0,0,0,0,0,0,0,1,0,1,0,0,1,0,1,0,0,0,0,0,0,0,1
320,Artificial Characters Data Set,6000.0,Computer,7.0,7/1/1992,No,245703,1,0,0,0,0,0,0,0,0,0,0,0,1,1,1,1,0,3,0,1,0,0,0,0,0,0,0,1
321,Robot Execution Failures Data Set,463.0,Physical,90.0,4/23/1999,No,101354,1,1,0,0,0,0,0,0,0,0,0,0,2,0,0,1,0,1,0,1,0,0,0,0,0,0,0,1
322,Dota2 Games Results Data Set,102944.0,Game,116.0,8/14/2016,No,99610,1,0,0,0,0,0,0,0,0,0,0,0,1,0,0,0,1,1,0,1,0,0,0,0,0,0,0,1
323,Optical Interconnection Network  Data Set,640.0,Computer,10.0,3/29/2018,No,25363,1,0,0,0,0,0,0,0,0,0,0,0,1,0,1,1,0,2,0,1,1,0,0,0,0,0,0,2
324,KASANDR Data Set,17764280.0,Life,2158859.0,5/16/2017,No,33836,1,0,0,0,0,0,0,0,0,0,0,0,1,0,0,1,0,1,1,0,0,0,0,0,0,0,0,1
325,Wine Data Set,178.0,Physical,13.0,7/1/1991,No,1452842,1,0,0,0,0,0,0,0,0,0,0,0,1,0,1,1,0,2,0,1,0,0,0,0,0,0,0,1
327,KDD Cup 1998 Data Data Set,191779.0,Other,481.0,7/20/1998,Yes,78103,1,0,0,0,0,0,0,0,0,0,0,0,1,1,0,1,0,2,0,0,1,0,0,0,0,0,0,1
328,EMG dataset in Lower Limb Data Set,132.0,Computer,5.0,2/5/2014,No,49428,1,1,0,0,0,0,0,0,0,0,0,0,2,0,1,0,0,1,0,0,0,0,0,0,0,1,0,0
329,Cryotherapy Dataset  Data Set,90.0,Life,7.0,1/4/2018,No,42897,0,0,0,0,0,0,0,0,1,0,0,0,1,0,1,1,0,2,0,1,0,0,0,0,0,0,0,1
330,SMS Spam Collection Data Set,5574.0,Computer,0.0,6/22/2012,No,310824,1,0,0,1,0,0,0,0,0,0,1,0,2,0,1,0,0,1,0,1,0,0,0,0,0,0,1,1
331,Greenhouse Gas Observing Network Data Set,2921.0,Physical,5232.0,4/16/2015,No,56093,1,1,0,0,0,0,0,0,0,0,0,0,2,0,1,0,0,1,0,0,1,0,0,0,0,0,0,1
332,Las Vegas Strip Data Set,504.0,Business,20.0,7/23/2017,No,93577,0,0,0,0,0,0,0,0,0,0,0,0,0,0,0,1,0,1,0,1,1,0,0,0,0,0,0,2
333,Liver Disorders Data Set,345.0,Life,7.0,5/15/1990,No,179051,1,0,0,0,0,0,0,0,0,0,0,0,1,1,1,1,0,3,0,0,0,0,0,0,0,1,0,0
334,Pen-Based Recognition of Handwritten Digits Data Set,10992.0,Computer,16.0,7/1/1998,No,226756,1,0,0,0,0,0,0,0,0,0,0,0,1,0,0,1,0,1,0,1,0,0,0,0,0,0,0,1
335,gene expression cancer RNA-Seq Data Set,801.0,Life,20531.0,6/9/2016,No,59319,1,0,0,0,0,0,0,0,0,0,0,0,1,0,1,0,0,1,0,1,0,0,0,0,0,0,1,1
336,TV News Channel Commercial Detection Dataset Data Set,129685.0,Computer,12.0,3/27/2015,No,72227,1,0,0,0,0,0,0,0,0,0,0,0,1,0,1,0,0,1,0,1,0,0,0,0,0,0,1,1
337,QSAR aquatic toxicity Data Set,546.0,Physical,9.0,9/23/2019,No,14204,1,0,0,0,0,0,0,0,0,0,0,0,1,0,1,0,0,1,0,0,1,0,0,0,0,0,0,1
338,Abalone Data Set,4177.0,Life,8.0,12/1/1995,No,956229,1,0,0,0,0,0,0,0,0,0,0,0,1,1,1,1,0,3,0,1,0,0,0,0,0,0,0,1
340,Shoulder Implant X-Ray Manufacturer Classification Data Set,597.0,Life,1.0,5/20/2020,No,1843,1,0,0,0,0,0,0,0,0,0,0,0,1,0,1,0,0,1,0,1,0,0,0,0,0,0,0,1
341,Steel Plates Faults Data Set,1941.0,Physical,27.0,10/26/2010,No,81708,1,0,0,0,0,0,0,0,0,0,0,0,1,0,1,1,0,2,0,1,0,0,0,0,0,0,0,1
342,Sales_Transactions_Dataset_Weekly Data Set,811.0,Other,53.0,7/16/2017,No,69649,1,1,0,0,0,0,0,0,0,0,0,0,2,0,1,1,0,2,0,0,0,0,0,0,0,0,1,0
343,Physical Unclonable Functions Data Set,6000000.0,Computer,129.0,10/8/2018,No,15457,1,0,0,0,0,0,0,0,0,0,0,0,1,0,0,1,0,1,0,1,0,0,0,0,0,0,0,1
345,EEG Eye State Data Set,14980.0,Life,15.0,6/10/2013,No,121008,1,1,0,0,0,0,1,0,0,0,0,0,3,0,1,1,0,2,0,1,0,0,0,0,0,0,0,1
346,Hayes-Roth Data Set,160.0,Social,5.0,3/1/1989,No,101315,1,0,0,0,0,0,0,0,0,0,0,0,1,1,0,0,0,1,0,1,0,0,0,0,0,0,0,1
347,Daphnet Freezing of Gait Data Set,237.0,Life,9.0,3/7/2013,No,70595,1,1,0,0,0,0,0,0,0,0,0,0,2,0,1,0,0,1,0,1,0,0,0,0,0,0,0,1
348,SML2010 Data Set,4137.0,Computer,24.0,1/9/2014,Yes,127384,1,1,0,0,0,0,1,0,0,0,1,0,3,0,1,0,0,1,0,0,1,0,0,0,0,0,0,1
349,SECOM Data Set,1567.0,Computer,591.0,11/19/2008,Yes,121270,1,0,0,0,0,0,0,0,0,0,0,0,1,0,1,0,0,1,1,1,0,0,0,0,0,0,0,2
350,Parkinson's Disease Classification Data Set,756.0,Computer,754.0,11/5/2018,No,60392,1,0,0,0,0,0,0,0,0,0,0,0,1,0,1,1,0,2,0,1,0,0,0,0,0,0,0,1
351,Thyroid Disease Data Set,7200.0,Life,21.0,1/1/1987,No,237967,1,0,0,1,0,0,0,0,0,0,0,0,2,1,1,0,0,2,0,1,0,0,0,0,0,0,0,1
352,Swarm Behaviour Data Set,24017.0,Computer,2400.0,6/16/2020,No,2088,1,0,0,0,0,0,0,0,0,0,0,0,1,0,1,0,0,1,0,1,0,0,0,0,0,0,0,1
353,DBWorld e-mails Data Set,64.0,Computer,4702.0,11/6/2011,No,58279,0,0,0,0,0,0,0,0,0,0,1,0,0,0,0,0,1,1,0,1,0,0,0,0,0,0,0,1
354,Speaker Accent Recognition Data Set,329.0,Social,12.0,3/4/2020,No,2976,1,0,0,0,0,0,0,0,0,0,0,0,1,0,1,0,0,1,0,1,0,0,0,0,0,0,0,1
355,Concrete Slump Test Data Set,103.0,Computer,10.0,4/30/2009,No,99926,1,0,0,0,0,0,0,0,0,0,0,0,1,0,1,0,0,1,0,0,1,0,0,0,0,0,0,1
356,Wholesale customers Data Set,440.0,Business,8.0,3/31/2014,No,344519,1,0,0,0,0,0,0,0,0,0,0,0,1,0,0,1,0,1,0,1,0,0,0,0,0,0,1,1
357,Meta-data Data Set,528.0,Other,22.0,3/1/1996,Yes,74679,1,0,0,0,0,0,0,0,0,0,0,0,1,1,1,1,0,3,0,1,0,0,0,0,0,0,0,1
358,Dataset for Sensorless Drive Diagnosis Data Set,58509.0,Computer,49.0,2/24/2015,No,72240,1,0,0,0,0,0,0,0,0,0,0,0,1,0,1,0,0,1,0,1,0,0,0,0,0,0,0,1
359,Servo Data Set,167.0,Computer,4.0,5/1/1993,No,106815,1,0,0,0,0,0,0,0,0,0,0,0,1,1,0,1,0,2,0,0,1,0,0,0,0,0,0,1
360,GNFUV Unmanned Surface Vehicles Sensor Data Data Set,1672.0,Computer,5.0,5/6/2018,No,21198,1,1,0,0,0,0,0,0,0,0,0,0,2,0,1,0,0,1,0,0,1,0,0,0,0,0,0,1
361,SUSY Data Set,5000000.0,Physical,18.0,2/12/2014,No,70007,0,0,0,0,0,0,0,0,0,0,0,0,0,0,1,0,0,1,0,1,0,0,0,0,0,0,0,1
362,DSRC Vehicle Communications Data Set,10000.0,Computer,5.0,12/13/2017,No,30235,0,0,0,0,0,0,1,0,0,0,1,0,1,0,1,0,0,1,0,0,0,0,0,0,0,0,1,0
363,BuddyMove Data Set Data Set,249.0,Other,7.0,7/1/2018,No,27033,1,0,0,0,0,0,0,0,0,0,1,0,1,0,1,0,0,1,0,1,0,0,0,0,0,0,1,1
364,Flags Data Set,194.0,Other,30.0,5/15/1990,No,302025,1,0,0,0,0,0,0,0,0,0,0,0,1,1,0,1,0,2,0,1,0,0,0,0,0,0,0,1
365,Crowdsourced Mapping Data Set,10546.0,Physical,29.0,5/25/2016,No,22460,1,0,0,0,0,0,0,0,0,0,0,0,1,0,0,0,1,1,0,1,0,0,0,0,0,0,0,1
366,Caesarian Section Classification Dataset Data Set,80.0,Life,5.0,11/2/2018,No,37493,0,0,0,0,0,0,0,0,1,0,0,0,1,0,0,1,0,1,0,1,0,0,0,0,0,0,0,1
367,Yeast Data Set,1484.0,Life,8.0,9/1/1996,No,307503,1,0,0,0,0,0,0,0,0,0,0,0,1,0,1,0,0,1,0,1,0,0,0,0,0,0,0,1
368,Sentiment Labelled Sentences Data Set,3000.0,Other,0.0,5/30/2015,No,174051,0,0,0,0,0,0,0,0,0,0,1,0,0,0,0,0,1,1,0,1,0,0,0,0,0,0,0,1
369,Bar Crawl: Detecting Heavy Drinking Data Set,14057567.0,Life,3.0,2/24/2020,No,48361,1,1,0,0,0,0,0,0,0,0,0,0,2,0,1,0,0,1,0,1,1,0,0,0,0,0,0,2
370,Moral Reasoner Data Set,202.0,Computer,0.0,6/1/1994,No,39876,0,0,0,1,0,0,0,0,0,0,0,0,1,0,0,0,1,1,0,0,0,0,0,0,0,1,0,0
371,Tic-Tac-Toe Endgame Data Set,958.0,Game,9.0,8/19/1991,No,242052,1,0,0,0,0,0,0,0,0,0,0,0,1,1,0,0,0,1,0,1,0,0,0,0,0,0,0,1
372,SIFT10M Data Set,11164866.0,Computer,128.0,2/23/2016,No,32020,1,0,0,0,0,0,0,0,0,0,0,0,1,0,0,1,0,1,1,0,0,0,0,0,0,0,0,1
373,QSAR androgen receptor Data Set,1687.0,Physical,1024.0,10/1/2019,No,3269,1,0,0,0,0,0,0,0,0,0,0,0,1,0,0,0,1,1,0,1,0,0,0,0,0,0,0,1
374,Parking Birmingham Data Set,35717.0,Computer,4.0,1/2/2019,Yes,49113,1,1,0,0,0,0,1,0,1,0,0,0,4,0,1,0,0,1,0,1,1,0,0,0,0,0,1,2
375,Othello Domain Theory Data Set,0.0,Game,0.0,2/1/1991,No,27891,0,0,0,1,0,0,0,0,0,0,0,0,1,0,0,0,1,1,0,0,0,0,0,0,0,1,0,0
376,Spambase Data Set,4601.0,Computer,57.0,7/1/1999,Yes,516387,1,0,0,0,0,0,0,0,0,0,0,0,1,0,1,1,0,2,0,1,0,0,0,0,0,0,0,1
377,MEx Data Set,6262.0,Computer,710.0,9/20/2019,No,12006,0,1,0,0,0,0,0,0,0,0,0,0,1,0,1,0,0,1,0,1,0,0,0,0,0,0,1,1
378,Student Performance Data Set,649.0,Social,33.0,11/27/2014,No,731076,1,0,0,0,0,0,0,0,0,0,0,0,1,0,0,1,0,1,0,1,1,0,0,0,0,0,0,2
379,GPS Trajectories Data Set,163.0,Computer,15.0,2/29/2016,Yes,107769,1,0,0,0,0,0,0,0,0,0,0,0,1,0,1,0,0,1,0,1,1,0,0,0,0,0,0,2
381,Beijing Multi-Site Air-Quality Data Data Set,420768.0,Physical,18.0,9/20/2019,Yes,42181,1,1,0,0,0,0,0,0,0,0,0,0,2,0,1,1,0,2,0,0,1,0,0,0,0,0,0,1
382,Beijing PM2.5 Data Data Set,43824.0,Physical,13.0,1/19/2017,Yes,174548,1,1,0,0,0,0,0,0,0,0,0,0,2,0,1,1,0,2,0,0,1,0,0,0,0,0,0,1
383,Covertype Data Set,581012.0,Life,54.0,8/1/1998,No,284734,1,0,0,0,0,0,0,0,0,0,0,0,1,1,0,1,0,2,0,1,0,0,0,0,0,0,0,1
384,Waveform Database Generator (Version 1) Data Set,5000.0,Physical,21.0,11/10/1988,No,74614,1,0,1,0,0,0,0,0,0,0,0,0,2,0,1,0,0,1,0,1,0,0,0,0,0,0,0,1
385,Lung Cancer Data Set,32.0,Life,56.0,5/1/1992,Yes,302768,1,0,0,0,0,0,0,0,0,0,0,0,1,0,0,1,0,1,0,1,0,0,0,0,0,0,0,1
386,Wave Energy Converters Data Set,288000.0,Computer,49.0,6/30/2019,Yes,17675,1,0,0,0,0,0,0,0,0,0,0,0,1,0,1,0,0,1,0,0,1,0,0,0,0,0,0,1
387,EMG Physical Action Data Set Data Set,10000.0,Physical,8.0,7/27/2011,No,86140,0,1,0,0,0,0,0,0,0,0,0,0,1,0,1,0,0,1,0,1,0,0,0,0,0,0,0,1
388,p53 Mutants Data Set,16772.0,Life,5409.0,2/9/2010,Yes,79410,1,0,0,0,0,0,0,0,0,0,0,0,1,0,1,0,0,1,0,1,0,0,0,0,0,0,0,1
389,Phishing Websites Data Set,2456.0,Computer Security,30.0,3/26/2015,No,145660,0,0,0,0,0,0,0,0,0,0,0,0,0,0,0,1,0,1,0,1,0,0,0,0,0,0,0,1
390,Incident management process enriched event log Data Set,141712.0,Business,36.0,7/14/2019,Yes,21060,1,0,0,0,0,0,1,0,0,0,0,0,2,0,0,1,0,1,0,0,1,0,0,0,0,0,1,1
391,Planning Relax Data Set,182.0,Computer,13.0,7/17/2012,No,59224,0,0,0,0,0,0,0,0,1,0,0,0,1,0,1,0,0,1,0,1,0,0,0,0,0,0,0,1
392,Heart failure clinical records Data Set,299.0,Life,13.0,2/5/2020,No,8666,1,0,0,0,0,0,0,0,0,0,0,0,1,0,1,1,0,2,0,1,1,0,0,0,0,0,1,2
393,South German Credit Data Set,1000.0,Business,21.0,11/29/2019,No,2345,1,0,0,0,0,0,0,0,0,0,0,0,1,0,1,1,0,2,0,1,1,0,0,0,0,0,1,2
394,Soybean (Small) Data Set,47.0,Life,35.0,1/1/1987,No,101965,1,0,0,0,0,0,0,0,0,0,0,0,1,1,0,0,0,1,0,1,0,0,0,0,0,0,0,1
395,Statlog (German Credit Data) Data Set,1000.0,Financial,20.0,11/17/1994,No,625844,1,0,0,0,0,0,0,0,0,0,0,0,1,1,0,1,0,2,0,1,0,0,0,0,0,0,0,1
396,Northix Data Set,115.0,Computer,200.0,8/15/2012,No,38211,1,0,0,0,0,0,0,0,1,0,1,0,2,0,1,1,0,2,0,1,0,0,0,0,0,0,0,1
397,UbiqLog (smartphone lifelogging) Data Set,9782222.0,Computer,0.0,6/16/2016,No,30464,1,0,0,0,0,0,0,0,0,0,0,0,1,0,0,0,1,1,1,0,0,0,0,0,0,0,0,1
398,Echocardiogram Data Set,132.0,Life,12.0,2/28/1989,Yes,185027,1,0,0,0,0,0,0,0,0,0,0,0,1,1,1,1,0,3,0,1,0,0,0,0,0,0,0,1
399,Internet Advertisements Data Set,3279.0,Computer,1558.0,7/1/1998,Yes,355927,1,0,0,0,0,0,0,0,0,0,0,0,1,1,1,1,0,3,0,1,0,0,0,0,0,0,0,1
400,Libras Movement Data Set,360.0,Other,91.0,8/17/2009,No,84958,1,0,0,0,0,0,1,0,0,0,0,0,2,0,1,0,0,1,0,1,0,0,0,0,0,0,1,1
401,Breast Cancer Wisconsin (Prognostic) Data Set,198.0,Life,34.0,12/1/1995,Yes,215797,1,0,0,0,0,0,0,0,0,0,0,0,1,0,1,0,0,1,0,1,1,0,0,0,0,0,0,2
402,"Hybrid Indoor Positioning Dataset from WiFi RSSI, Bluetooth and magnetometer Data Set",1540.0,Computer,65.0,12/18/2016,Yes,14791,1,1,0,0,0,0,1,0,0,0,0,0,3,0,1,0,0,1,0,1,0,0,0,0,0,0,0,1
403,Climate Model Simulation Crashes Data Set,540.0,Physical,18.0,6/18/2013,No,85121,1,0,0,0,0,0,0,0,0,0,0,0,1,0,1,0,0,1,0,1,0,0,0,0,0,0,0,1
404,Challenger USA Space Shuttle O-Ring Data Set,23.0,Physical,4.0,8/5/1993,No,140058,1,0,0,0,0,0,0,0,0,0,0,0,1,0,0,1,0,1,0,0,1,0,0,0,0,0,0,1
405,default of credit card clients Data Set,30000.0,Business,24.0,1/26/2016,No,487247,1,0,0,0,0,0,0,0,0,0,0,0,1,0,1,1,0,2,0,1,0,0,0,0,0,0,0,1
406,Pittsburgh Bridges Data Set,108.0,Other,13.0,8/1/1990,Yes,102453,1,0,0,0,0,0,0,0,0,0,0,0,1,1,0,1,0,2,0,1,0,0,0,0,0,0,0,1
407,Facebook Live Sellers in Thailand Data Set,7051.0,Business,12.0,4/22/2019,No,35267,1,0,0,0,0,0,0,0,0,0,0,0,1,0,0,1,0,1,0,0,0,0,0,0,0,0,1,0
409,Gas Sensor Array Drift Dataset at Different Concentrations Data Set,13910.0,Computer,129.0,10/23/2013,No,69948,1,1,0,0,0,0,0,0,0,0,0,0,2,0,1,0,0,1,1,1,1,0,0,0,0,0,1,3
410,Fertility Data Set,100.0,Life,10.0,1/17/2013,No,201449,1,0,0,0,0,0,0,0,0,0,0,0,1,0,1,0,0,1,0,1,1,0,0,0,0,0,0,2
411,ILPD (Indian Liver Patient Dataset) Data Set,583.0,Life,10.0,5/21/2012,No,133380,1,0,0,0,0,0,0,0,0,0,0,0,1,0,1,1,0,2,0,1,0,0,0,0,0,0,0,1
412,QSAR fish bioconcentration factor (BCF) Data Set,1056.0,Life,7.0,11/27/2019,No,5907,1,0,0,0,0,0,0,0,0,0,0,0,1,0,1,1,0,2,0,0,1,0,0,0,0,0,0,1
414,Dishonest Internet users Dataset Data Set,322.0,Computer,5.0,3/20/2018,No,45114,1,0,0,0,0,0,0,0,0,0,0,0,1,0,0,0,1,1,0,1,0,0,0,0,0,0,1,1
415,Anuran Calls (MFCCs) Data Set,7195.0,Life,22.0,2/24/2017,No,47396,1,0,0,0,0,0,0,0,0,0,0,0,1,0,1,0,0,1,0,1,0,0,0,0,0,0,1,1
416,Absenteeism at work Data Set,740.0,Business,21.0,4/5/2018,No,174579,1,1,0,0,0,0,0,0,0,0,0,0,2,0,1,1,0,2,0,1,0,0,0,0,0,0,1,1
417,Function Finding Data Set,352.0,Physical,0.0,9/1/1990,No,54018,0,0,0,0,0,0,0,0,0,0,0,0,0,0,1,0,0,1,0,0,0,1,0,0,0,0,0,1
418,Mechanical Analysis Data Set,209.0,Computer,8.0,6/1/1990,No,99144,1,0,0,0,0,0,0,0,0,0,0,0,1,1,1,1,0,3,0,1,0,0,0,0,0,0,0,1
419,Discrete Tone Image Dataset Data Set,71.0,Computer,11.0,1/20/2018,No,19755,1,0,0,0,0,0,0,0,0,0,0,0,1,0,0,0,1,1,0,1,0,0,0,0,0,0,0,1
420,ICMLA 2014 Accepted Papers Data Set Data Set,105.0,Other,5.0,2/19/2018,No,15332,1,0,0,0,0,0,0,0,0,0,0,0,1,0,0,0,1,1,0,1,0,0,0,0,0,0,1,1
421,Electrical Grid Stability Simulated Data  Data Set,10000.0,Physical,14.0,11/16/2018,No,44209,1,0,0,0,0,0,0,0,0,0,0,0,1,0,1,0,0,1,0,1,1,0,0,0,0,0,0,2
422,SCADI Data Set,70.0,Life,206.0,4/14/2018,No,29373,1,0,0,0,0,0,0,0,0,0,0,0,1,0,0,0,1,1,0,1,0,0,0,0,0,0,1,1
423,Facebook metrics Data Set,500.0,Business,19.0,8/5/2016,No,164993,1,0,0,0,0,0,0,0,0,0,0,0,1,0,0,1,0,1,0,0,1,0,0,0,0,0,0,1
424,Folio Data Set,637.0,Other,20.0,7/5/2015,Yes,58783,1,0,0,0,0,0,0,0,0,0,0,0,1,0,0,0,1,1,0,1,0,0,0,0,0,0,1,1
425,CNAE-9 Data Set,1080.0,Business,857.0,8/3/2012,No,65396,1,0,0,0,0,0,0,0,0,0,1,0,1,0,0,1,0,1,0,1,0,0,0,0,0,0,0,1
426,Miskolc IIS Hybrid IPS Data Set,1540.0,Computer,67.0,7/4/2016,Yes,13341,0,0,0,0,0,0,0,0,0,0,1,0,0,0,0,1,0,1,1,1,0,0,0,0,0,0,1,2
427,APS Failure at Scania Trucks Data Set,60000.0,Computer,171.0,12/8/2017,Yes,55762,1,0,0,0,0,0,0,0,0,0,0,0,1,0,1,1,0,2,0,1,0,0,0,0,0,0,0,1
428,Metro Interstate Traffic Volume Data Set,48204.0,Other,9.0,5/7/2019,No,43754,1,1,0,0,0,0,1,0,0,0,0,0,3,0,1,1,0,2,0,0,1,0,0,0,0,0,0,1
429,Legal Case Reports Data Set,0.0,Other,0.0,10/19/2012,No,88204,0,0,0,0,0,0,0,0,0,0,1,0,0,0,0,0,1,1,0,1,0,0,0,0,0,0,0,1
430,Wall-Following Robot Navigation Data Data Set,5456.0,Computer,24.0,8/4/2010,No,62588,1,0,0,0,0,0,1,0,0,0,0,0,2,0,1,0,0,1,0,1,0,0,0,0,0,0,0,1
431,Waveform Database Generator (Version 2) Data Set,5000.0,Physical,40.0,11/10/1988,No,60447,1,0,1,0,0,0,0,0,0,0,0,0,2,0,1,0,0,1,0,1,0,0,0,0,0,0,0,1
432,Mushroom Data Set,8124.0,Life,22.0,4/27/1987,Yes,546738,1,0,0,0,0,0,0,0,0,0,0,0,1,1,0,0,0,1,0,1,0,0,0,0,0,0,0,1
433,Cardiotocography Data Set,2126.0,Life,23.0,9/7/2010,No,168353,1,0,0,0,0,0,0,0,0,0,0,0,1,0,1,0,0,1,0,1,0,0,0,0,0,0,0,1
434,SGEMM GPU kernel performance Data Set,241600.0,Computer,18.0,2/27/2018,No,26042,1,0,0,0,0,0,0,0,0,0,0,0,1,0,0,1,0,1,0,0,1,0,0,0,0,0,0,1
435,Haberman's Survival Data Set,306.0,Life,3.0,3/4/1999,No,211780,1,0,0,0,0,0,0,0,0,0,0,0,1,0,0,1,0,1,0,1,0,0,0,0,0,0,0,1
436,Badges Data Set,294.0,Other,1.0,9/1/1994,No,116715,0,0,0,0,0,0,0,0,1,0,1,0,1,0,0,0,1,1,0,1,0,0,0,0,0,0,0,1
437,News Popularity in Multiple Social Media Platforms Data Set,93239.0,Computer,11.0,2/20/2018,No,56516,1,1,0,0,0,0,0,0,0,0,1,0,2,0,1,1,0,2,0,0,1,0,0,0,0,0,0,1
438,FMA: A Dataset For Music Analysis Data Set,106574.0,Computer,518.0,5/24/2017,No,84832,1,1,0,0,0,0,0,0,0,0,0,0,2,0,1,0,0,1,0,1,0,0,0,0,0,0,1,1
439,BlogFeedback Data Set,60021.0,Social,281.0,5/29/2014,No,96744,1,0,0,0,0,0,0,0,0,0,0,0,1,0,1,1,0,2,0,0,1,0,0,0,0,0,0,1
440,AAAI 2013 Accepted Papers Data Set,150.0,Computer,5.0,7/30/2014,No,56703,1,0,0,0,0,0,0,0,0,0,0,0,1,0,0,0,1,1,0,0,0,0,0,0,0,0,1,0
441,Online News Popularity Data Set,39797.0,Business,61.0,5/31/2015,No,294019,1,0,0,0,0,0,0,0,0,0,0,0,1,0,1,1,0,2,0,1,1,0,0,0,0,0,0,2
442,Cloud Data Set,1024.0,Physical,10.0,8/3/1989,No,131424,1,0,0,0,0,0,0,0,0,0,0,0,1,0,1,0,0,1,0,0,0,0,0,0,0,1,0,0
444,Corel Image Features Data Set,68040.0,Other,89.0,7/1/1999,No,86755,1,0,0,0,0,0,0,0,0,0,0,0,1,0,1,0,0,1,0,0,0,0,0,0,0,1,0,0
445,Anonymous Microsoft Web Data Data Set,37711.0,Computer,294.0,11/1/1998,No,180504,0,0,0,0,0,0,0,0,0,0,0,0,0,1,0,0,0,1,0,0,0,0,0,0,0,0,0,0
446,Geo-Magnetic field and WLAN dataset for indoor localisation from wristband and smartphone Data Set,153540.0,Computer,25.0,1/10/2017,No,31865,1,1,0,0,0,0,1,0,0,0,0,0,3,0,1,1,0,2,0,1,1,0,0,0,0,0,1,2
447,Labor Relations Data Set,57.0,Social,16.0,11/1/1988,No,78116,1,0,0,0,0,0,0,0,0,0,0,0,1,1,1,1,0,3,0,0,0,0,0,0,0,1,0,0
448,Drug Review Dataset (Druglib.com) Data Set,4143.0,Other,8.0,10/2/2018,No,49706,1,0,0,0,0,0,0,0,0,0,1,0,1,0,0,1,0,1,0,1,1,0,0,0,0,0,1,2
449,Student Loan Relational Data Set,1000.0,Social,0.0,1/1/1993,No,67873,0,0,0,1,0,0,0,0,0,0,0,0,1,0,0,0,1,1,0,0,0,0,0,0,0,1,0,0
450,Activity Recognition system based on Multisensor data fusion (AReM) Data Set,42240.0,Computer,6.0,5/18/2016,No,62222,1,1,0,0,0,0,1,0,0,0,0,0,3,0,1,0,0,1,0,1,0,0,0,0,0,0,0,1
451,Online Video Characteristics and Transcoding Time Dataset Data Set,168286.0,Computer,11.0,5/19/2015,No,43002,1,0,0,0,0,0,0,0,0,0,0,0,1,0,1,1,0,2,0,0,1,0,0,0,0,0,0,1
452,Human Activity Recognition Using Smartphones Data Set,10299.0,Computer,561.0,12/10/2012,No,1010043,1,1,0,0,0,0,0,0,0,0,0,0,2,0,0,0,1,1,0,1,0,0,0,0,0,0,1,1
453,Autistic Spectrum Disorder Screening Data for Children   Data Set,292.0,Life,21.0,12/24/2017,Yes,43408,1,0,0,0,0,0,0,0,0,0,0,0,1,0,0,1,0,1,0,1,0,0,0,0,0,0,0,1
454,IPUMS Census Database Data Set,256932.0,Social,61.0,11/9/1999,No,41282,1,0,0,0,0,0,0,0,0,0,0,0,1,1,0,1,0,2,0,0,0,0,0,0,0,1,0,0
455,Gisette Data Set,13500.0,Computer,5000.0,2/29/2008,No,117652,1,0,0,0,0,0,0,0,0,0,0,0,1,0,0,1,0,1,0,1,0,0,0,0,0,0,0,1
456,Iris Data Set,150.0,Life,4.0,7/1/1988,No,3438990,1,0,0,0,0,0,0,0,0,0,0,0,1,0,1,0,0,1,0,1,0,0,0,0,0,0,0,1
457,Computer Hardware Data Set,209.0,Computer,9.0,10/1/1987,No,308218,1,0,0,0,0,0,0,0,0,0,0,0,1,0,0,1,0,1,0,0,1,0,0,0,0,0,0,1
458,PubChem Bioassay Data Data Set,0.0,Life,0.0,3/29/2011,No,38752,1,0,0,0,0,0,0,0,0,0,0,0,1,0,1,1,0,2,0,1,0,0,0,0,0,0,0,1
459,AAAI 2014 Accepted Papers Data Set,399.0,Computer,6.0,7/30/2014,No,53924,1,0,0,0,0,0,0,0,0,0,0,0,1,0,0,0,1,1,0,0,0,0,0,0,0,0,1,0
460,Coil 1999 Competition Data Data Set,340.0,Physical,17.0,9/9/1999,No,50547,1,0,0,0,0,0,0,0,0,0,0,0,1,1,1,0,0,2,0,0,0,0,0,0,0,1,0,0
461,Statlog (Landsat Satellite) Data Set,6435.0,Physical,36.0,2/13/1993,No,133621,1,0,0,0,0,0,0,0,0,0,0,0,1,0,0,1,0,1,0,1,0,0,0,0,0,0,0,1
462,News Aggregator Data Set,422937.0,Other,5.0,2/28/2016,No,87843,1,0,0,0,0,0,0,0,0,0,0,0,1,0,0,0,1,1,0,1,0,0,0,0,0,0,1,1
463,Statlog Project Data Set,0.0,Other,0.0,10/1/1992,No,47497,0,0,0,0,0,0,0,0,0,0,0,0,0,0,0,0,1,1,0,0,0,0,0,0,0,1,0,0
464,PEMS-SF Data Set,440.0,Computer,138672.0,5/22/2011,No,69620,1,1,0,0,0,0,0,0,0,0,0,0,2,0,1,0,0,1,0,1,0,0,0,0,0,0,0,1
465,KEGG Metabolic Reaction Network (Undirected) Data Set,65554.0,Life,29.0,11/28/2011,Yes,53800,1,0,0,0,0,0,0,0,1,0,1,0,2,0,1,1,0,2,0,1,1,0,0,0,0,0,1,2
466,Auto MPG Data Set,398.0,Other,8.0,7/7/1993,Yes,562317,1,0,0,0,0,0,0,0,0,0,0,0,1,1,1,0,0,2,0,0,1,0,0,0,0,0,0,1
467,Indoor User Movement Prediction from RSS data Data Set,13197.0,Computer,4.0,2/4/2016,No,62798,1,1,0,0,0,0,1,0,0,0,0,0,3,0,1,0,0,1,0,1,0,0,0,0,0,0,0,1
468,Gas sensor array temperature modulation Data Set,4095000.0,Computer,20.0,4/15/2019,No,20825,1,1,0,0,0,0,0,0,0,0,0,0,2,0,1,0,0,1,0,1,1,0,0,0,0,0,0,2
469,Appliances energy prediction Data Set,19735.0,Computer,29.0,2/15/2017,No,121897,1,1,0,0,0,0,0,0,0,0,0,0,2,0,1,0,0,1,0,0,1,0,0,0,0,0,0,1
470,Mice Protein Expression Data Set,1080.0,Life,82.0,8/4/2015,Yes,79082,1,0,0,0,0,0,0,0,0,0,0,0,1,0,1,0,0,1,0,1,0,0,0,0,0,0,1,1
471,Parkinson Dataset with replicated acoustic features  Data Set,240.0,Life,46.0,4/10/2019,No,19851,1,0,0,0,0,0,0,0,0,0,0,0,1,0,0,0,1,1,0,1,0,0,0,0,0,0,0,1
472,ser Knowledge Modeling Data (Students' Knowledge Levels on DC Electrical Machines) Data Set,403.0,Computer,5.0,6/20/2013,No,37684,1,0,0,0,0,0,0,0,0,0,0,0,1,0,1,0,0,1,0,1,0,0,0,0,0,0,0,1
473,Farm Ads Data Set,4143.0,Business,54877.0,10/18/2011,No,74326,0,0,0,0,0,0,0,0,0,0,1,0,0,0,0,0,1,1,0,1,0,0,0,0,0,0,0,1
474,Buzz in social media  Data Set,140000.0,Computer,77.0,5/27/2013,No,157268,1,1,0,0,0,0,0,0,0,0,0,0,2,0,1,1,0,2,0,1,1,0,0,0,0,0,0,2
475,Amazon Access Samples Data Set,30000.0,Business,20000.0,9/13/2011,No,205596,0,1,0,1,0,0,0,0,0,0,0,0,2,0,0,0,1,1,1,0,1,0,0,0,0,0,1,2
476,Breast Tissue Data Set,106.0,Life,10.0,5/10/2010,No,125419,1,0,0,0,0,0,0,0,0,0,0,0,1,0,1,0,0,1,0,1,0,0,0,0,0,0,0,1
477,Immunotherapy Dataset Data Set,90.0,Life,8.0,1/4/2018,No,49477,0,0,0,0,0,0,0,0,1,0,0,0,1,0,1,1,0,2,0,1,0,0,0,0,0,0,0,1
478,Opinosis Opinion  Review Data Set,51.0,Computer,0.0,7/6/2010,No,49236,0,0,0,0,0,0,0,0,0,0,1,0,0,0,0,0,1,1,0,0,0,0,0,0,0,1,0,0
480,Plants Data Set,22632.0,Life,70.0,12/31/2008,Yes,191947,1,0,0,0,0,0,0,0,0,0,0,0,1,1,0,0,0,1,0,0,0,0,0,0,0,0,1,0
481,Car Evaluation Data Set,1728.0,Other,6.0,6/1/1997,No,1212646,1,0,0,0,0,0,0,0,0,0,0,0,1,1,0,0,0,1,0,1,0,0,0,0,0,0,0,1
482,Gastrointestinal Lesions in Regular Colonoscopy Data Set,76.0,Computer,698.0,10/15/2016,No,17677,1,0,0,0,0,0,0,0,0,0,0,0,1,0,1,0,0,1,0,1,0,0,0,0,0,0,0,1
483,Machine Learning based ZZAlpha Ltd. Stock Recommendations 2012-2014 Data Set,314080.0,Business,0.0,6/6/2015,Yes,51645,0,1,0,0,0,0,1,0,0,0,0,0,2,0,1,0,0,1,0,1,0,0,0,0,0,0,0,1
484,UJI Pen Characters (Version 2) Data Set,11640.0,Computer,0.0,1/22/2009,No,65185,1,0,0,0,0,0,1,0,0,0,0,0,2,0,0,1,0,1,0,1,0,0,0,0,0,0,0,1
485,MONK's Problems Data Set,432.0,Other,7.0,10/1/1992,No,211055,1,0,0,0,0,0,0,0,0,0,0,0,1,1,0,0,0,1,0,1,0,0,0,0,0,0,0,1
486,Musk (Version 2) Data Set,6598.0,Physical,168.0,9/12/1994,No,72150,1,0,0,0,0,0,0,0,0,0,0,0,1,0,0,1,0,1,0,1,0,0,0,0,0,0,0,1
487,Dermatology Data Set,366.0,Life,33.0,1/1/1998,Yes,222240,1,0,0,0,0,0,0,0,0,0,0,0,1,1,0,1,0,2,0,1,0,0,0,0,0,0,0,1
488,Chess (King-Rook vs. King) Data Set,28056.0,Game,6.0,6/1/1994,No,126843,1,0,0,0,0,0,0,0,0,0,0,0,1,1,0,1,0,2,0,1,0,0,0,0,0,0,0,1
490,Automobile Data Set,205.0,Other,26.0,5/19/1987,Yes,524634,1,0,0,0,0,0,0,0,0,0,0,0,1,1,1,1,0,3,0,0,1,0,0,0,0,0,0,1
491,Somerville Happiness Survey Data Set,143.0,Life,7.0,5/24/2018,No,18565,0,0,0,0,0,0,0,0,0,0,0,0,0,0,0,1,0,1,0,1,0,0,0,0,0,0,0,1
492,Smartphone Dataset for Human Activity Recognition (HAR) in Ambient Assisted Living (AAL) Data Set,5744.0,Computer,561.0,3/9/2016,No,48257,0,1,0,0,0,0,0,0,0,0,0,0,1,0,1,0,0,1,0,1,0,0,0,0,0,0,0,1
493,PPG-DaLiA Data Set,8300000.0,Computer,11.0,7/30/2019,No,17754,1,1,0,0,0,0,0,0,0,0,0,0,2,0,1,0,0,1,0,0,1,0,0,0,0,0,0,1
494,Parkinsons Data Set,197.0,Life,23.0,6/26/2008,No,264327,1,0,0,0,0,0,0,0,0,0,0,0,1,0,1,0,0,1,0,1,0,0,0,0,0,0,0,1
495,KDD Cup 1999 Data Data Set,4000000.0,Computer,42.0,1/1/1999,No,155954,1,0,0,0,0,0,0,0,0,0,0,0,1,1,0,1,0,2,0,1,0,0,0,0,0,0,0,1
496,NSF Research Award Abstracts 1990-2003 Data Set,129000.0,Other,0.0,11/18/2003,No,47750,0,0,0,0,0,0,0,0,0,0,1,0,0,0,0,0,1,1,0,0,0,0,0,0,0,1,0,0
497,Carbon Nanotubes Data Set,10721.0,Computer,8.0,4/5/2018,No,37372,0,0,0,0,0,0,0,0,1,0,0,0,1,0,1,0,0,1,0,0,1,0,0,0,0,0,0,1
498,Adult Data Set,48842.0,Social,14.0,5/1/1996,Yes,1880062,1,0,0,0,0,0,0,0,0,0,0,0,1,1,0,1,0,2,0,1,0,0,0,0,0,0,0,1
499,Parkinsons Telemonitoring Data Set,5875.0,Life,26.0,10/29/2009,No,149279,1,0,0,0,0,0,0,0,0,0,0,0,1,0,1,1,0,2,0,0,1,0,0,0,0,0,0,1
500,Communities and Crime Data Set,1994.0,Social,128.0,7/13/2009,Yes,286446,1,0,0,0,0,0,0,0,0,0,0,0,1,0,1,0,0,1,0,0,1,0,0,0,0,0,0,1
501,Gas Sensor Array Drift Dataset Data Set,13910.0,Computer,128.0,4/25/2012,No,143094,1,0,0,0,0,0,0,0,0,0,0,0,1,0,1,0,0,1,0,1,0,0,0,0,0,0,0,1
